Order,PID,MS SubClass,MS Zoning,Lot Frontage,Lot Area,Street,Alley,Lot Shape,Land Contour,Utilities,Lot Config,Land Slope,Neighborhood,Condition 1,Condition 2,Bldg Type,House Style,Overall Qual,Overall Cond,Year Built,Year Remod/Add,Roof Style,Roof Matl,Exterior 1st,Exterior 2nd,Mas Vnr Type,Mas Vnr Area,Exter Qual,Exter Cond,Foundation,Bsmt Qual,Bsmt Cond,Bsmt Exposure,BsmtFin Type 1,BsmtFin SF 1,BsmtFin Type 2,BsmtFin SF 2,Bsmt Unf SF,Total Bsmt SF,Heating,Heating QC,Central Air,Electrical,1st Flr SF,2nd Flr SF,Low Qual Fin SF,Gr Liv Area,Bsmt Full Bath,Bsmt Half Bath,Full Bath,Half Bath,Bedroom AbvGr,Kitchen AbvGr,Kitchen Qual,TotRms AbvGrd,Functional,Fireplaces,Fireplace Qu,Garage Type,Garage Yr Blt,Garage Finish,Garage Cars,Garage Area,Garage Qual,Garage Cond,Paved Drive,Wood Deck SF,Open Porch SF,Enclosed Porch,3Ssn Porch,Screen Porch,Pool Area,Pool QC,Fence,Misc Feature,Misc Val,Mo Sold,Yr Sold,Sale Type,Sale Condition,SalePrice
995,527106140,60,RL,59.0,9535,Pave,,IR1,Lvl,AllPub,Inside,Gtl,Gilbert,Norm,Norm,1Fam,2Story,6,5,1998,1998,Gable,CompShg,VinylSd,VinylSd,None,0.0,TA,TA,PConc,Gd,TA,Gd,GLQ,851.0,Unf,0.0,75.0,926.0,GasA,Ex,Y,SBrkr,926,678,0,1604,0.0,0.0,2,1,3,1,TA,7,Typ,0,,Attchd,1998.0,Fin,2.0,472.0,TA,TA,Y,100,82,0,0,0,0,,,,0,5,2008,WD ,Normal,195500
2357,527376110,60,RL,78.0,10140,Pave,,Reg,Lvl,AllPub,Inside,Gtl,NWAmes,Norm,Norm,1Fam,2Story,7,5,1976,1976,Gable,CompShg,HdBoard,HdBoard,None,0.0,TA,TA,PConc,Gd,TA,No,GLQ,194.0,Unf,0.0,638.0,832.0,GasA,TA,Y,SBrkr,832,832,0,1664,0.0,0.0,2,1,4,1,TA,8,Typ,1,TA,Attchd,1976.0,RFn,2.0,528.0,TA,TA,Y,0,28,0,0,259,0,,GdWo,,0,3,2006,WD ,Normal,162900
428,528108040,60,RL,95.0,12350,Pave,,Reg,Lvl,AllPub,Inside,Gtl,NridgHt,Norm,Norm,1Fam,2Story,9,5,2009,2009,Gable,CompShg,VinylSd,VinylSd,None,0.0,Gd,TA,PConc,Ex,TA,No,GLQ,986.0,Unf,0.0,379.0,1365.0,GasA,Ex,Y,SBrkr,1365,1325,0,2690,1.0,0.0,2,1,3,1,Ex,8,Typ,1,Gd,Attchd,2009.0,RFn,3.0,864.0,TA,TA,Y,0,197,0,0,0,0,,,,0,7,2009,New,Partial,398800
1317,902326060,190,RM,60.0,10800,Pave,Pave,Reg,Lvl,AllPub,Inside,Gtl,OldTown,Norm,Norm,2fmCon,1.5Fin,6,7,1905,2000,Gable,CompShg,Wd Sdng,Wd Sdng,None,0.0,TA,TA,BrkTil,Fa,TA,No,Unf,0.0,Unf,0.0,482.0,482.0,GasA,Ex,N,SBrkr,1221,691,0,1912,0.0,0.0,2,0,3,2,TA,7,Typ,1,TA,Detchd,2003.0,Unf,2.0,672.0,Gd,TA,Y,0,25,212,0,0,0,,,,0,4,2008,WD ,Normal,163000
376,527353020,20,RL,80.0,10928,Pave,,Reg,Lvl,AllPub,Inside,Gtl,NWAmes,Norm,Norm,1Fam,1Story,6,6,1978,1986,Gable,CompShg,VinylSd,VinylSd,BrkFace,101.0,TA,TA,PConc,TA,TA,No,LwQ,363.0,Unf,0.0,1064.0,1427.0,GasA,TA,Y,SBrkr,1671,0,0,1671,0.0,0.0,2,0,3,1,TA,7,Typ,1,TA,Attchd,1978.0,RFn,2.0,484.0,TA,TA,Y,252,55,0,0,0,0,,,,0,8,2009,WD ,Normal,200000
2506,533208050,120,FV,37.0,3316,Pave,Pave,IR1,Lvl,AllPub,Inside,Gtl,Somerst,Norm,Norm,TwnhsE,1Story,8,5,2005,2005,Gable,CompShg,MetalSd,MetalSd,None,0.0,Gd,TA,PConc,Gd,TA,No,GLQ,1039.0,Unf,0.0,208.0,1247.0,GasA,Ex,Y,SBrkr,1247,0,0,1247,1.0,0.0,1,1,1,1,Gd,4,Typ,1,Gd,Attchd,2005.0,Fin,2.0,550.0,TA,TA,Y,0,84,0,0,0,0,,,,0,4,2006,WD ,Normal,197000
529,528482040,20,FV,85.0,10625,Pave,,Reg,Lvl,AllPub,Inside,Gtl,Somerst,Norm,Norm,1Fam,1Story,7,5,2006,2007,Gable,CompShg,VinylSd,VinylSd,None,0.0,Gd,TA,PConc,Gd,TA,No,GLQ,1430.0,Unf,0.0,222.0,1652.0,GasA,Ex,Y,SBrkr,1662,0,0,1662,1.0,0.0,2,0,3,1,Ex,8,Typ,1,Gd,Attchd,2006.0,RFn,3.0,711.0,TA,TA,Y,168,120,0,0,0,0,,,,0,3,2009,WD ,Normal,291000
1872,534176140,20,RL,88.0,10738,Pave,,IR1,Lvl,AllPub,Corner,Gtl,NWAmes,Norm,Norm,1Fam,1Story,6,7,1966,1966,Hip,CompShg,HdBoard,HdBoard,None,0.0,TA,TA,CBlock,TA,TA,No,ALQ,792.0,Unf,0.0,301.0,1093.0,GasA,Gd,Y,SBrkr,1093,0,0,1093,1.0,0.0,2,0,3,1,TA,6,Typ,1,Fa,Attchd,1966.0,RFn,2.0,484.0,TA,TA,Y,224,0,0,0,0,0,,MnPrv,Shed,400,11,2007,WD ,Normal,158500
1763,528326060,60,RL,,11000,Pave,,Reg,Lvl,AllPub,FR2,Gtl,NoRidge,Norm,Norm,1Fam,2Story,8,5,2000,2000,Gable,CompShg,VinylSd,VinylSd,BrkFace,72.0,Gd,TA,PConc,Gd,TA,No,Unf,0.0,Unf,0.0,969.0,969.0,GasA,Ex,Y,SBrkr,997,1288,0,2285,0.0,0.0,2,1,4,1,Gd,8,Typ,1,TA,BuiltIn,2000.0,Fin,3.0,648.0,TA,TA,Y,0,56,0,0,0,0,,,,0,6,2007,WD ,Normal,248000
2434,528235190,60,RL,59.0,9171,Pave,,IR1,Lvl,AllPub,Inside,Gtl,Gilbert,Norm,Norm,1Fam,2Story,7,5,2004,2005,Gable,CompShg,VinylSd,VinylSd,None,0.0,Gd,TA,PConc,Gd,TA,Av,Unf,0.0,Unf,0.0,848.0,848.0,GasA,Ex,Y,SBrkr,848,750,0,1598,0.0,0.0,2,1,3,1,Gd,7,Typ,1,Gd,Attchd,2004.0,Fin,2.0,433.0,TA,TA,Y,100,48,0,0,0,0,,,,0,7,2006,WD ,Normal,201490
879,907290210,120,RM,,4435,Pave,,Reg,Lvl,AllPub,Inside,Gtl,CollgCr,Norm,Norm,TwnhsE,1Story,6,5,2003,2003,Gable,CompShg,VinylSd,VinylSd,BrkFace,170.0,Gd,TA,PConc,Gd,TA,Av,GLQ,685.0,Unf,0.0,163.0,848.0,GasA,Ex,Y,SBrkr,848,0,0,848,1.0,0.0,1,0,1,1,Gd,4,Typ,0,,Attchd,2003.0,Fin,2.0,420.0,TA,TA,Y,140,0,0,0,0,0,,,,0,5,2009,WD ,Normal,140000
1816,531451150,160,RL,50.0,8012,Pave,,Reg,Lvl,AllPub,Inside,Gtl,SawyerW,Norm,Norm,TwnhsE,2Story,6,5,1980,1980,Gable,CompShg,Plywood,Plywood,None,0.0,TA,TA,CBlock,TA,TA,No,Unf,0.0,Unf,0.0,630.0,630.0,GasA,Ex,Y,SBrkr,630,636,0,1266,0.0,0.0,1,1,2,1,TA,5,Typ,2,TA,Attchd,1980.0,RFn,1.0,283.0,TA,TA,Y,340,0,0,0,0,0,,MnPrv,,0,7,2007,WD ,Normal,128000
1817,531453140,85,RL,,9180,Pave,,IR1,Lvl,AllPub,CulDSac,Gtl,SawyerW,Norm,Norm,1Fam,SFoyer,5,7,1983,1983,Gable,CompShg,HdBoard,HdBoard,None,0.0,TA,TA,CBlock,Gd,TA,Av,ALQ,747.0,LwQ,93.0,0.0,840.0,GasA,Gd,Y,SBrkr,884,0,0,884,1.0,0.0,1,0,2,1,Gd,5,Typ,0,,Attchd,1983.0,RFn,2.0,504.0,TA,Gd,Y,240,0,0,0,0,0,,MnPrv,,0,12,2007,WD ,Normal,144000
1030,527359030,20,RL,80.0,10400,Pave,,Reg,Lvl,AllPub,Inside,Gtl,NWAmes,Norm,Norm,1Fam,1Story,6,5,1976,1976,Gable,CompShg,HdBoard,HdBoard,BrkFace,120.0,TA,TA,CBlock,TA,TA,No,Unf,0.0,Unf,0.0,1444.0,1444.0,GasA,TA,Y,SBrkr,1444,0,0,1444,0.0,0.0,2,0,2,1,TA,5,Typ,1,Gd,Attchd,1976.0,Unf,2.0,473.0,TA,TA,Y,0,24,0,0,0,0,,GdWo,,0,4,2008,WD ,Normal,159900
1491,908103280,20,RL,65.0,6500,Pave,,Reg,Lvl,AllPub,Inside,Gtl,Edwards,Norm,Norm,1Fam,1Story,6,6,1976,1976,Hip,CompShg,HdBoard,Plywood,BrkFace,84.0,TA,TA,CBlock,TA,Ex,No,BLQ,1033.0,Unf,0.0,94.0,1127.0,GasA,TA,Y,SBrkr,1127,0,0,1127,0.0,1.0,1,1,3,1,TA,6,Typ,1,Po,Detchd,1991.0,Unf,2.0,480.0,TA,TA,Y,0,0,138,0,0,0,,,,0,5,2008,WD ,Normal,135000
2877,910207110,30,RM,50.0,8765,Pave,Grvl,Reg,Lvl,AllPub,Inside,Gtl,IDOTRR,Norm,Norm,1Fam,1Story,4,6,1936,1950,Gable,CompShg,Wd Sdng,Wd Sdng,None,0.0,TA,TA,BrkTil,TA,TA,No,ALQ,285.0,Unf,0.0,666.0,951.0,GasA,Ex,N,SBrkr,951,0,0,951,0.0,0.0,1,0,2,1,TA,6,Typ,0,,Detchd,1936.0,Unf,1.0,327.0,TA,TA,Y,0,28,0,0,0,0,,,,0,4,2006,WD ,Abnorml,106500
534,531363010,20,RL,80.0,9605,Pave,,Reg,Lvl,AllPub,Corner,Gtl,SawyerW,Norm,Norm,1Fam,1Story,7,6,2007,2007,Gable,CompShg,VinylSd,VinylSd,None,0.0,Gd,TA,PConc,Gd,TA,No,Unf,0.0,Unf,0.0,1218.0,1218.0,GasA,Ex,Y,SBrkr,1218,0,0,1218,0.0,0.0,1,1,3,1,Gd,6,Typ,0,,Detchd,2007.0,RFn,2.0,576.0,TA,TA,Y,0,178,0,0,0,0,,,,0,4,2009,WD ,Normal,159000
1122,528458050,20,FV,72.0,8640,Pave,,Reg,Lvl,AllPub,Inside,Gtl,Somerst,Norm,Norm,1Fam,1Story,7,5,2007,2008,Gable,CompShg,VinylSd,VinylSd,None,0.0,Gd,TA,PConc,Ex,TA,No,Unf,0.0,Unf,0.0,1372.0,1372.0,GasA,Ex,Y,SBrkr,1372,0,0,1372,0.0,0.0,2,0,3,1,Gd,6,Typ,0,,Attchd,2008.0,Fin,2.0,529.0,TA,TA,Y,0,140,0,0,0,0,,,,0,5,2008,New,Partial,250580
482,528250040,60,RL,,8174,Pave,,IR1,Lvl,AllPub,Inside,Gtl,Gilbert,Norm,Norm,1Fam,2Story,7,5,2003,2003,Gable,CompShg,VinylSd,VinylSd,None,0.0,Gd,TA,PConc,Gd,TA,No,GLQ,494.0,Unf,0.0,204.0,698.0,GasA,Ex,Y,SBrkr,698,644,0,1342,1.0,0.0,2,1,3,1,Gd,7,Typ,1,TA,Attchd,2003.0,Fin,2.0,393.0,TA,TA,Y,100,56,0,0,0,0,,,,0,5,2009,WD ,Normal,178000
2649,902128020,20,RM,60.0,7200,Pave,Grvl,Reg,Lvl,AllPub,Inside,Gtl,OldTown,Norm,Norm,1Fam,1Story,4,5,1950,1950,Gable,CompShg,MetalSd,MetalSd,None,0.0,TA,TA,CBlock,TA,TA,No,Unf,0.0,Unf,0.0,576.0,576.0,GasA,Ex,Y,SBrkr,864,0,0,864,0.0,0.0,1,0,2,1,TA,5,Typ,0,,Detchd,1952.0,RFn,1.0,528.0,TA,TA,Y,0,0,0,0,115,0,,,,0,8,2006,COD,Normal,105000
2291,923228390,160,RM,21.0,1890,Pave,,Reg,Lvl,AllPub,Inside,Gtl,MeadowV,Norm,Norm,Twnhs,2Story,4,3,1976,1976,Gable,CompShg,CemntBd,CmentBd,None,0.0,TA,TA,CBlock,TA,TA,No,Unf,0.0,Unf,0.0,546.0,546.0,GasA,Ex,Y,SBrkr,546,546,0,1092,0.0,0.0,1,1,3,1,TA,6,Typ,0,,Attchd,1976.0,Unf,1.0,286.0,TA,TA,Y,0,0,0,0,0,0,,GdWo,,0,4,2007,COD,Normal,75190
1589,923202005,90,RM,97.0,8940,Pave,,IR1,Lvl,AllPub,Corner,Gtl,Mitchel,Norm,Norm,Duplex,SFoyer,7,5,1997,1998,Gable,CompShg,VinylSd,VinylSd,BrkFace,200.0,TA,Gd,PConc,Gd,Gd,Gd,GLQ,1309.0,Unf,0.0,35.0,1344.0,GasA,Ex,Y,SBrkr,1344,0,0,1344,2.0,0.0,2,0,2,2,TA,8,Typ,0,,Attchd,1997.0,Fin,4.0,784.0,TA,TA,Y,0,0,0,0,0,0,,,,0,11,2008,WD ,Alloca,209200
1117,528431080,20,RL,91.0,12274,Pave,,IR1,Lvl,AllPub,FR2,Gtl,Somerst,Norm,Norm,1Fam,1Story,7,5,2008,2008,Gable,CompShg,VinylSd,VinylSd,Stone,256.0,Gd,TA,PConc,Gd,TA,No,Unf,0.0,Unf,0.0,1417.0,1417.0,GasA,Ex,Y,SBrkr,1428,0,0,1428,0.0,0.0,2,0,3,1,Ex,6,Typ,0,,Attchd,2008.0,RFn,2.0,554.0,TA,TA,Y,0,60,0,0,0,0,,,,0,7,2008,New,Partial,227680
1761,528320050,60,RL,160.0,15623,Pave,,IR1,Lvl,AllPub,Corner,Gtl,NoRidge,Norm,Norm,1Fam,2Story,10,5,1996,1996,Hip,CompShg,Wd Sdng,ImStucc,None,0.0,Gd,TA,PConc,Ex,TA,Av,GLQ,2096.0,Unf,0.0,300.0,2396.0,GasA,Ex,Y,SBrkr,2411,2065,0,4476,1.0,0.0,3,1,4,1,Ex,10,Typ,2,TA,Attchd,1996.0,Fin,3.0,813.0,TA,TA,Y,171,78,0,0,0,555,Ex,MnPrv,,0,7,2007,WD ,Abnorml,745000
1838,533208010,120,FV,47.0,4230,Pave,Pave,Reg,Lvl,AllPub,Corner,Gtl,Somerst,Norm,Norm,TwnhsE,1Story,7,5,2006,2007,Gable,CompShg,VinylSd,VinylSd,None,0.0,Gd,TA,PConc,Ex,Gd,No,Unf,0.0,Unf,0.0,1352.0,1352.0,GasA,Ex,Y,SBrkr,1352,0,0,1352,0.0,0.0,2,0,2,1,Gd,5,Typ,1,Gd,Attchd,2006.0,RFn,2.0,466.0,TA,TA,Y,0,241,0,0,0,0,,,,0,4,2007,New,Partial,208900
1416,905479110,190,RL,68.0,10880,Pave,,Reg,Lvl,AllPub,Inside,Gtl,Edwards,Norm,Norm,2fmCon,1Story,5,5,1950,1950,Gable,CompShg,MetalSd,MetalSd,None,0.0,TA,TA,CBlock,TA,TA,No,ALQ,1040.0,Unf,0.0,124.0,1164.0,GasW,TA,N,SBrkr,1164,0,0,1164,1.0,0.0,1,0,3,1,TA,5,Typ,0,,Detchd,1950.0,Unf,1.0,240.0,TA,TA,Y,0,48,0,0,0,0,,,,0,8,2008,ConLD,Normal,125000
2354,527365010,60,FV,75.0,9512,Pave,,IR1,Lvl,AllPub,Inside,Gtl,Somerst,RRAn,Norm,1Fam,2Story,7,5,2005,2006,Gable,CompShg,VinylSd,VinylSd,None,0.0,Gd,TA,PConc,Gd,TA,No,ALQ,788.0,Unf,0.0,172.0,960.0,GasA,Ex,Y,SBrkr,960,1358,0,2318,1.0,0.0,2,1,3,1,Gd,8,Typ,1,Ex,BuiltIn,2005.0,Fin,2.0,541.0,TA,TA,Y,0,246,0,0,0,0,,,,0,6,2006,New,Partial,294323
1015,527252080,120,RL,60.0,8118,Pave,,Reg,HLS,AllPub,Inside,Gtl,StoneBr,PosN,PosN,TwnhsE,1Story,9,5,2007,2007,Hip,CompShg,MetalSd,MetalSd,BrkFace,178.0,Ex,TA,PConc,Ex,TA,Gd,GLQ,1034.0,Unf,0.0,676.0,1710.0,GasA,Ex,Y,SBrkr,1710,0,0,1710,1.0,0.0,2,0,2,1,Ex,6,Typ,1,Gd,Attchd,2007.0,RFn,2.0,557.0,TA,TA,Y,156,48,0,0,0,0,,,,0,7,2008,WD ,Normal,334000
1936,535325090,20,RL,71.0,8540,Pave,,Reg,Lvl,AllPub,Corner,Gtl,NAmes,Norm,Norm,1Fam,1Story,5,8,1956,2003,Gable,CompShg,VinylSd,VinylSd,None,0.0,TA,Gd,CBlock,TA,TA,No,Rec,114.0,ALQ,691.0,120.0,925.0,GasA,TA,Y,SBrkr,925,0,0,925,1.0,0.0,1,0,3,1,Gd,5,Typ,0,,Detchd,1956.0,Unf,1.0,252.0,TA,TA,Y,152,0,0,0,0,0,,,,0,6,2007,WD ,Normal,127000
1940,535327200,20,RL,70.0,13300,Pave,,Reg,Lvl,AllPub,Inside,Gtl,NAmes,Norm,Norm,1Fam,1Story,5,7,1956,2000,Hip,CompShg,Wd Sdng,Wd Sdng,None,0.0,TA,TA,CBlock,Gd,TA,No,Rec,377.0,Unf,0.0,551.0,928.0,GasA,TA,Y,SBrkr,928,0,0,928,0.0,0.0,1,0,2,1,TA,4,Typ,0,,Attchd,1956.0,Unf,1.0,252.0,TA,TA,Y,261,0,156,0,0,0,,,,0,6,2007,WD ,Normal,132000
2306,526302030,20,RL,,11027,Pave,,IR1,Lvl,AllPub,Inside,Gtl,NAmes,Norm,Norm,1Fam,1Story,6,5,1954,1954,Hip,CompShg,Wd Sdng,Wd Sdng,Stone,28.0,TA,TA,CBlock,TA,TA,No,BLQ,468.0,Rec,539.0,171.0,1178.0,GasA,Gd,Y,SBrkr,1293,0,0,1293,1.0,0.0,2,0,2,1,TA,5,Typ,0,,Attchd,1954.0,RFn,2.0,452.0,TA,TA,Y,280,0,0,0,0,0,,,,0,5,2006,WD ,Normal,149900
679,535451170,90,RL,60.0,7200,Pave,,Reg,Lvl,AllPub,Inside,Gtl,NAmes,Norm,Norm,Duplex,1Story,4,5,1949,1950,Gable,CompShg,BrkFace,Stone,None,0.0,TA,TA,Slab,,,,,0.0,,0.0,0.0,0.0,Wall,Fa,N,FuseF,1040,0,0,1040,0.0,0.0,2,0,2,2,TA,6,Typ,0,,Detchd,1956.0,Unf,2.0,420.0,TA,TA,Y,0,0,0,0,0,0,,,,0,6,2009,WD ,Normal,90000
2677,903231190,50,RM,,6240,Pave,,Reg,Lvl,AllPub,Inside,Gtl,BrkSide,Norm,Norm,1Fam,1.5Fin,5,4,1936,1950,Gable,CompShg,MetalSd,MetalSd,None,0.0,TA,TA,BrkTil,Gd,TA,No,Unf,0.0,Unf,0.0,896.0,896.0,GasA,Gd,Y,FuseA,896,448,0,1344,0.0,0.0,1,0,3,1,TA,7,Typ,0,,Detchd,1936.0,Unf,1.0,240.0,Fa,TA,Y,200,114,0,0,0,0,,,,0,4,2006,WD ,Normal,115000
988,924100040,20,RL,,9819,Pave,,IR1,Lvl,AllPub,Inside,Mod,Mitchel,Norm,Norm,1Fam,1Story,6,5,1977,1977,Gable,CompShg,Plywood,ImStucc,None,0.0,TA,TA,PConc,TA,TA,Gd,ALQ,1567.0,Unf,0.0,0.0,1567.0,GasA,TA,Y,SBrkr,1567,0,0,1567,1.0,0.0,2,0,2,1,Gd,5,Typ,2,TA,Attchd,1977.0,RFn,2.0,714.0,TA,TA,Y,264,32,0,0,0,0,,,,0,5,2009,WD ,Normal,196000
814,906226130,90,RL,64.0,7040,Pave,,Reg,Lvl,AllPub,Inside,Gtl,SawyerW,Feedr,Norm,Duplex,SFoyer,5,5,1979,1979,Gable,CompShg,Plywood,Plywood,BrkFace,216.0,TA,TA,CBlock,Gd,TA,Av,GLQ,1094.0,Unf,0.0,0.0,1094.0,GasA,TA,Y,SBrkr,1229,0,0,1229,2.0,0.0,0,2,2,2,Gd,6,Typ,2,TA,Detchd,1979.0,Unf,2.0,672.0,TA,TA,Y,120,0,0,0,0,0,,,,0,6,2009,WD ,Alloca,148325
2658,902301120,190,RM,69.0,9142,Pave,Grvl,Reg,Lvl,AllPub,Inside,Gtl,OldTown,Norm,Norm,2fmCon,2Story,6,8,1910,1950,Gable,CompShg,AsbShng,AsbShng,None,0.0,TA,Fa,Stone,Fa,TA,No,Unf,0.0,Unf,0.0,1020.0,1020.0,GasA,Gd,N,FuseP,908,1020,0,1928,0.0,0.0,2,0,4,2,Fa,9,Typ,0,,Detchd,1910.0,Unf,1.0,440.0,Po,Po,Y,0,60,112,0,0,0,,,,0,4,2006,WD ,Normal,137000
1463,907260010,60,RL,,11250,Pave,,Reg,Lvl,AllPub,Corner,Gtl,CollgCr,Norm,Norm,1Fam,2Story,8,5,2002,2002,Gable,CompShg,CemntBd,CmentBd,None,0.0,Gd,TA,PConc,Gd,TA,Mn,Unf,0.0,Unf,0.0,1128.0,1128.0,GasA,Ex,Y,SBrkr,1149,1141,0,2290,0.0,0.0,2,1,4,1,Gd,9,Typ,1,Gd,Attchd,2002.0,Unf,2.0,779.0,TA,TA,Y,0,0,0,0,0,0,,,,0,5,2008,WD ,Normal,255900
984,923275140,20,RL,,8780,Pave,,IR1,Lvl,AllPub,Corner,Gtl,Mitchel,Norm,Norm,1Fam,1Story,5,5,1985,1985,Gable,CompShg,HdBoard,Plywood,None,0.0,TA,TA,CBlock,TA,TA,No,ALQ,625.0,Unf,0.0,208.0,833.0,GasA,Ex,Y,SBrkr,833,0,0,833,1.0,0.0,1,0,3,1,TA,5,Typ,0,,,,,0.0,0.0,,,Y,0,0,0,0,0,0,,MnPrv,,0,3,2009,WD ,Normal,112000
314,914478110,90,RL,,12760,Pave,,IR1,Lvl,AllPub,Inside,Gtl,Mitchel,Norm,Norm,Duplex,1Story,6,5,1976,1976,Gable,CompShg,Plywood,Plywood,None,0.0,TA,TA,CBlock,TA,TA,No,Unf,0.0,Unf,0.0,1958.0,1958.0,GasA,TA,Y,SBrkr,2048,0,0,2048,0.0,0.0,3,0,5,2,TA,9,Typ,0,,2Types,1976.0,Unf,2.0,776.0,TA,TA,Y,0,0,0,0,0,0,,,,0,3,2010,ConLD,Normal,170000
2161,907410020,60,RL,70.0,8145,Pave,,IR1,Lvl,AllPub,Inside,Gtl,CollgCr,Norm,Norm,1Fam,2Story,7,5,2007,2007,Gable,CompShg,VinylSd,VinylSd,None,0.0,Gd,TA,PConc,Gd,TA,No,Unf,0.0,Unf,0.0,738.0,738.0,GasA,Ex,Y,SBrkr,738,738,0,1476,0.0,0.0,2,1,3,1,Gd,7,Typ,0,,Attchd,2007.0,RFn,2.0,552.0,TA,TA,Y,0,35,0,0,0,0,,,,0,6,2007,New,Partial,179400
2589,535325350,20,RL,80.0,13600,Pave,,Reg,Bnk,AllPub,Inside,Gtl,NAmes,Norm,Norm,1Fam,1Story,5,6,1955,1955,Gable,CompShg,HdBoard,HdBoard,None,0.0,TA,TA,CBlock,TA,TA,No,Rec,144.0,BLQ,912.0,0.0,1056.0,GasA,Gd,Y,SBrkr,1056,0,0,1056,1.0,0.0,1,1,3,1,TA,6,Typ,0,,Attchd,1955.0,Fin,1.0,300.0,TA,TA,Y,0,0,0,0,0,0,,MnPrv,Shed,650,11,2006,WD ,Normal,125000
1911,535101150,90,RL,63.0,8668,Pave,,Reg,Lvl,AllPub,Corner,Gtl,NAmes,Norm,Norm,Duplex,1Story,5,5,1968,1968,Gable,CompShg,MetalSd,MetalSd,None,0.0,TA,TA,CBlock,TA,TA,No,Unf,0.0,Unf,0.0,1560.0,1560.0,GasA,TA,Y,SBrkr,1560,0,0,1560,0.0,0.0,2,0,4,2,TA,8,Typ,0,,Detchd,1968.0,Unf,3.0,792.0,TA,TA,Y,0,0,0,0,0,0,,,,0,5,2007,WD ,Normal,126000
53,528228285,120,RL,43.0,3203,Pave,,Reg,Lvl,AllPub,Inside,Gtl,Blmngtn,Norm,Norm,TwnhsE,1Story,7,5,2006,2006,Gable,CompShg,VinylSd,VinylSd,BrkFace,14.0,Gd,TA,PConc,Gd,TA,Av,GLQ,16.0,Unf,0.0,1129.0,1145.0,GasA,Ex,Y,SBrkr,1145,0,0,1145,0.0,0.0,2,0,2,1,Gd,6,Typ,0,,Attchd,2006.0,Fin,2.0,437.0,TA,TA,Y,100,116,0,0,0,0,,,,0,1,2010,WD ,Normal,160000
2435,528240080,60,RL,106.0,11194,Pave,,IR1,Lvl,AllPub,Corner,Gtl,Gilbert,Norm,Norm,1Fam,2Story,8,5,2000,2000,Gable,CompShg,VinylSd,VinylSd,BrkFace,40.0,Gd,TA,PConc,Gd,TA,No,Unf,0.0,Unf,0.0,1406.0,1406.0,GasA,Ex,Y,SBrkr,1454,482,0,1936,0.0,0.0,2,1,3,1,Gd,7,Typ,1,TA,Attchd,2000.0,RFn,2.0,504.0,TA,TA,Y,188,124,0,0,0,0,,,,0,11,2006,WD ,Normal,230500
1204,534252270,60,RL,,9900,Pave,,Reg,Lvl,AllPub,Inside,Gtl,NWAmes,Feedr,Norm,1Fam,2Story,7,5,1968,1968,Gable,CompShg,MetalSd,MetalSd,BrkFace,342.0,TA,TA,CBlock,TA,TA,No,BLQ,552.0,Unf,0.0,280.0,832.0,GasA,Gd,Y,SBrkr,1098,880,0,1978,0.0,0.0,2,1,4,1,TA,9,Typ,1,Gd,Attchd,1968.0,RFn,2.0,486.0,TA,TA,Y,0,43,0,0,0,0,,GdPrv,,0,4,2008,WD ,Normal,176000
994,527106050,60,RL,65.0,8139,Pave,,Reg,Lvl,AllPub,Inside,Gtl,Gilbert,Norm,Norm,1Fam,2Story,6,5,1995,1996,Gable,CompShg,VinylSd,VinylSd,BrkFace,119.0,TA,TA,PConc,Gd,TA,No,ALQ,476.0,Unf,0.0,204.0,680.0,GasA,Gd,Y,SBrkr,680,790,0,1470,0.0,0.0,2,1,3,1,TA,7,Typ,1,TA,BuiltIn,1995.0,Fin,2.0,420.0,TA,TA,Y,192,49,0,0,0,0,,,,0,10,2008,WD ,Normal,165000
2832,908188140,160,RM,24.0,2522,Pave,,Reg,Lvl,AllPub,Inside,Gtl,Edwards,Norm,Norm,Twnhs,2Story,7,5,2004,2004,Gable,CompShg,VinylSd,VinylSd,Stone,50.0,Gd,TA,PConc,Gd,TA,No,Unf,0.0,Unf,0.0,970.0,970.0,GasA,Ex,Y,SBrkr,970,739,0,1709,0.0,0.0,2,0,3,1,Gd,7,Maj1,0,,Detchd,2004.0,Unf,2.0,380.0,TA,TA,Y,0,40,0,0,0,0,,,,0,4,2006,WD ,Normal,137500
317,916386020,20,RL,73.0,9803,Pave,,Reg,Lvl,AllPub,Inside,Gtl,Timber,Norm,Norm,1Fam,1Story,7,5,2009,2010,Gable,CompShg,VinylSd,VinylSd,None,0.0,Gd,TA,PConc,Gd,TA,No,Unf,0.0,Unf,0.0,1214.0,1214.0,GasA,Ex,Y,SBrkr,1214,0,0,1214,0.0,0.0,2,0,2,1,Gd,6,Typ,0,,Attchd,2010.0,RFn,2.0,520.0,TA,TA,Y,0,25,0,0,0,0,,,,0,1,2010,New,Partial,179781
651,535353140,190,RL,107.0,10615,Pave,,IR1,Bnk,AllPub,Corner,Mod,OldTown,Artery,Artery,2fmCon,2Story,3,5,1900,1970,Gable,CompShg,HdBoard,HdBoard,None,0.0,TA,TA,CBlock,Fa,TA,Mn,BLQ,440.0,Unf,0.0,538.0,978.0,GasA,TA,Y,SBrkr,1014,685,0,1699,1.0,0.0,2,0,3,2,TA,7,Typ,0,,CarPort,1920.0,Unf,2.0,420.0,Fa,Fa,Y,0,74,0,0,0,0,,,,0,8,2009,WD ,Abnorml,95000
2255,914478100,85,RL,82.0,8410,Pave,,IR1,Lvl,AllPub,Corner,Gtl,Mitchel,Norm,Norm,1Fam,SFoyer,6,6,1974,1974,Gable,CompShg,Plywood,Plywood,None,0.0,TA,TA,CBlock,Gd,TA,Av,ALQ,924.0,Unf,0.0,46.0,970.0,GasA,TA,Y,SBrkr,1026,0,0,1026,1.0,0.0,1,0,2,1,TA,5,Typ,1,Po,Attchd,1974.0,Unf,2.0,528.0,TA,TA,Y,193,0,0,0,0,0,,,,0,4,2007,WD ,Normal,143000
1978,902107050,90,RM,60.0,7200,Pave,Grvl,Reg,Lvl,AllPub,Inside,Gtl,OldTown,Norm,Norm,Duplex,SFoyer,5,5,1980,1980,Gable,CompShg,MetalSd,MetalSd,BrkFace,180.0,TA,TA,CBlock,Gd,TA,Gd,GLQ,936.0,Unf,0.0,0.0,936.0,GasA,TA,Y,SBrkr,936,0,0,936,1.0,0.0,1,0,2,1,TA,4,Typ,0,,Detchd,1980.0,Unf,2.0,672.0,TA,TA,Y,49,0,0,0,0,0,,,,0,8,2007,WD ,Normal,140000
2238,910202030,30,RM,46.0,3672,Pave,,Reg,Lvl,AllPub,Inside,Gtl,IDOTRR,Artery,Norm,1Fam,1Story,5,7,1922,1950,Gable,CompShg,Stucco,Stucco,None,0.0,TA,TA,BrkTil,TA,TA,No,Unf,0.0,Unf,0.0,816.0,816.0,GasA,Ex,Y,SBrkr,816,0,0,816,0.0,0.0,1,0,2,1,TA,5,Typ,0,,Detchd,1922.0,Unf,1.0,100.0,Fa,Fa,N,0,0,96,0,0,0,,,,0,9,2007,WD ,Normal,75200
360,527164020,20,RL,58.0,7250,Pave,,Reg,Lvl,AllPub,Inside,Gtl,Gilbert,Norm,Norm,1Fam,1Story,6,5,1993,1993,Gable,CompShg,HdBoard,HdBoard,BrkFace,45.0,TA,TA,PConc,Gd,TA,No,Unf,0.0,Unf,0.0,1181.0,1181.0,GasA,Ex,Y,SBrkr,1190,0,0,1190,0.0,0.0,2,0,3,1,Gd,6,Typ,1,TA,Attchd,1993.0,Unf,2.0,430.0,TA,TA,Y,0,21,0,0,0,0,,,,0,11,2009,WD ,Normal,166000
1433,907135020,20,RL,75.0,9525,Pave,,Reg,Lvl,AllPub,Inside,Gtl,CollgCr,Norm,Norm,1Fam,1Story,5,6,1995,2006,Gable,CompShg,VinylSd,VinylSd,None,0.0,TA,TA,PConc,Gd,TA,No,Unf,0.0,Unf,0.0,1099.0,1099.0,GasA,Ex,Y,SBrkr,1099,0,0,1099,0.0,0.0,1,1,3,1,Gd,6,Typ,0,,Attchd,1999.0,Unf,1.0,352.0,TA,TA,Y,278,0,0,0,0,0,,,,0,6,2008,WD ,Normal,144000
2134,907192150,60,RL,72.0,11317,Pave,,Reg,Lvl,AllPub,Inside,Gtl,CollgCr,Norm,Norm,1Fam,2Story,7,5,2003,2003,Gable,CompShg,VinylSd,VinylSd,BrkFace,101.0,Gd,TA,PConc,Gd,TA,No,Unf,0.0,Unf,0.0,840.0,840.0,GasA,Ex,Y,SBrkr,840,828,0,1668,0.0,0.0,2,1,3,1,Gd,8,Typ,0,,Attchd,2003.0,RFn,2.0,500.0,TA,TA,Y,144,68,0,0,0,0,,,,0,9,2007,WD ,Normal,180000
749,903425245,70,RL,60.0,11414,Pave,,IR1,Lvl,AllPub,Corner,Gtl,BrkSide,RRAn,Feedr,1Fam,2Story,7,8,1910,1993,Gable,CompShg,HdBoard,HdBoard,None,0.0,TA,Gd,BrkTil,Gd,TA,No,Unf,0.0,Unf,0.0,728.0,728.0,GasA,TA,N,SBrkr,1136,883,0,2019,0.0,0.0,1,0,3,1,Gd,8,Typ,0,,Detchd,1997.0,Unf,2.0,532.0,TA,TA,Y,509,135,0,0,0,0,,GdPrv,,0,10,2009,WD ,Normal,167500
1405,905403060,50,RL,50.0,5190,Pave,,Reg,Lvl,AllPub,Inside,Gtl,Edwards,Norm,Norm,1Fam,1.5Fin,7,5,1948,1950,Gable,CompShg,BrkFace,Plywood,None,0.0,TA,TA,CBlock,TA,TA,No,Unf,0.0,Unf,0.0,570.0,570.0,GasA,TA,Y,SBrkr,617,462,0,1079,0.0,0.0,1,0,2,1,TA,5,Typ,1,Gd,Attchd,1948.0,Unf,1.0,249.0,TA,TA,Y,135,0,0,0,0,0,,,,0,1,2008,WD ,Normal,125600
2796,907265030,20,RL,,8125,Pave,,Reg,Lvl,AllPub,Inside,Gtl,CollgCr,Norm,Norm,1Fam,1Story,7,5,2002,2002,Gable,CompShg,VinylSd,VinylSd,Stone,295.0,Gd,TA,PConc,Gd,TA,No,GLQ,986.0,Unf,0.0,668.0,1654.0,GasA,Ex,Y,SBrkr,1654,0,0,1654,1.0,0.0,2,0,3,1,Gd,6,Typ,0,,Attchd,2002.0,Unf,3.0,900.0,TA,TA,Y,0,136,0,0,0,0,,,,0,2,2006,WD ,Normal,230000
2808,907405030,20,RL,70.0,9135,Pave,,Reg,Lvl,AllPub,Inside,Gtl,CollgCr,Norm,Norm,1Fam,1Story,6,5,2003,2003,Gable,CompShg,VinylSd,VinylSd,BrkFace,120.0,Gd,TA,PConc,Gd,TA,Av,GLQ,340.0,Unf,0.0,1342.0,1682.0,GasA,Ex,Y,SBrkr,1700,0,0,1700,1.0,0.0,2,0,3,1,Gd,7,Typ,0,,Attchd,2003.0,RFn,2.0,544.0,TA,TA,Y,192,23,0,0,0,0,,,,0,5,2006,WD ,Normal,200000
1689,528102130,20,RL,93.0,12085,Pave,,Reg,Lvl,AllPub,Inside,Gtl,NridgHt,Norm,Norm,1Fam,1Story,8,5,2007,2007,Hip,CompShg,VinylSd,VinylSd,Stone,328.0,Gd,TA,PConc,Ex,TA,No,GLQ,1004.0,Unf,0.0,730.0,1734.0,GasA,Ex,Y,SBrkr,1734,0,0,1734,1.0,0.0,2,0,3,1,Ex,7,Typ,1,Gd,Attchd,2007.0,RFn,3.0,928.0,TA,TA,Y,0,0,0,0,0,0,,,,0,11,2007,New,Partial,318000
2381,528106010,60,RL,111.0,16259,Pave,,Reg,Lvl,AllPub,Corner,Gtl,NridgHt,Norm,Norm,1Fam,2Story,9,5,2006,2006,Gable,CompShg,VinylSd,VinylSd,Stone,370.0,TA,TA,PConc,Ex,Gd,Av,Unf,0.0,Unf,0.0,1249.0,1249.0,GasA,Ex,Y,SBrkr,1249,1347,0,2596,0.0,0.0,3,1,4,1,Gd,9,Typ,0,,Attchd,2006.0,RFn,3.0,840.0,TA,TA,Y,240,154,0,0,0,0,,,,0,9,2006,New,Partial,342643
747,903236040,30,RM,50.0,8635,Pave,,Reg,Lvl,AllPub,Inside,Gtl,BrkSide,Norm,Norm,1Fam,1Story,5,5,1925,1950,Hip,CompShg,Wd Sdng,Wd Sdng,None,0.0,TA,Fa,BrkTil,TA,TA,No,LwQ,134.0,Unf,0.0,938.0,1072.0,GasA,TA,Y,SBrkr,1072,0,0,1072,1.0,0.0,1,0,2,1,TA,5,Typ,0,,Detchd,1982.0,Unf,5.0,1184.0,Fa,TA,P,0,0,105,0,0,0,,,,0,8,2009,WD ,Normal,126500
1379,905103030,80,RL,80.0,13014,Pave,,Reg,Lvl,AllPub,Inside,Gtl,Sawyer,Norm,Norm,1Fam,SLvl,6,5,1978,1978,Gable,CompShg,HdBoard,Plywood,BrkFace,39.0,TA,TA,CBlock,TA,TA,Av,ALQ,528.0,Unf,0.0,480.0,1008.0,GasA,TA,Y,SBrkr,1096,0,0,1096,1.0,0.0,1,0,3,1,TA,6,Typ,1,Fa,Attchd,1978.0,Unf,2.0,484.0,TA,TA,Y,168,0,0,0,0,0,,,,0,12,2008,WD ,Normal,157500
1919,535151110,20,RL,60.0,8250,Pave,,Reg,Lvl,AllPub,Corner,Gtl,NAmes,Norm,Norm,1Fam,1Story,5,7,1963,1963,Gable,CompShg,MetalSd,MetalSd,None,0.0,TA,TA,CBlock,TA,TA,No,ALQ,288.0,Unf,0.0,765.0,1053.0,GasA,Gd,Y,SBrkr,1053,0,0,1053,1.0,0.0,1,0,3,1,Gd,6,Typ,0,,2Types,1994.0,RFn,2.0,692.0,TA,TA,Y,240,0,0,0,109,0,,,,0,7,2007,WD ,Normal,142100
2758,906392090,20,RL,90.0,13377,Pave,,Reg,Lvl,AllPub,Corner,Gtl,CollgCr,Norm,Norm,1Fam,1Story,6,5,2006,2006,Hip,CompShg,VinylSd,VinylSd,None,0.0,Gd,TA,PConc,Gd,TA,No,GLQ,1576.0,Unf,0.0,260.0,1836.0,GasA,Gd,Y,SBrkr,1846,0,0,1846,1.0,0.0,2,0,3,1,Gd,7,Typ,1,Gd,Attchd,2006.0,RFn,2.0,495.0,TA,TA,Y,0,32,0,0,0,0,,,,0,7,2006,New,Partial,233555
288,909101070,30,RL,45.0,8212,Pave,Grvl,Reg,Lvl,AllPub,Inside,Gtl,Edwards,Norm,Norm,1Fam,1Story,3,3,1914,1950,Gable,CompShg,Stucco,Stucco,None,0.0,TA,Fa,BrkTil,TA,Fa,No,Rec,203.0,Unf,0.0,661.0,864.0,GasA,TA,N,FuseF,864,0,0,864,1.0,0.0,1,0,2,1,TA,5,Typ,0,,Detchd,1938.0,Unf,1.0,200.0,TA,Fa,Y,0,0,96,0,0,0,,,,0,6,2010,WD ,Normal,58500
43,528138020,20,RL,79.0,14122,Pave,,IR1,Lvl,AllPub,Inside,Gtl,NridgHt,Norm,Norm,1Fam,1Story,8,5,2005,2006,Hip,CompShg,CemntBd,CmentBd,BrkFace,240.0,Gd,TA,PConc,Ex,TA,No,GLQ,28.0,Unf,0.0,1794.0,1822.0,GasA,Ex,Y,SBrkr,1822,0,0,1822,0.0,0.0,2,0,3,1,Ex,8,Typ,1,Gd,Attchd,2005.0,RFn,3.0,678.0,TA,TA,Y,0,119,0,0,0,0,,,,0,2,2010,WD ,Normal,259000
245,906201030,60,RL,77.0,9206,Pave,,Reg,Lvl,AllPub,Inside,Gtl,SawyerW,Norm,Norm,1Fam,2Story,6,5,1985,1985,Gable,CompShg,HdBoard,HdBoard,BrkFace,336.0,Gd,TA,CBlock,Gd,TA,No,Unf,0.0,Unf,0.0,741.0,741.0,GasA,TA,Y,SBrkr,977,755,0,1732,0.0,0.0,2,1,3,1,Gd,7,Typ,1,TA,Attchd,1985.0,Fin,2.0,476.0,TA,TA,Y,192,46,0,0,0,0,,,,0,6,2010,WD ,Normal,178000
2880,911175410,30,C (all),69.0,12366,Pave,,Reg,Lvl,AllPub,Inside,Gtl,IDOTRR,Feedr,Norm,1Fam,1Story,3,5,1945,1950,Gable,CompShg,Wd Sdng,Wd Sdng,None,0.0,TA,TA,Slab,,,,,0.0,,0.0,0.0,0.0,GasA,TA,N,SBrkr,729,0,0,729,0.0,0.0,1,0,2,1,TA,5,Mod,0,,,,,0.0,0.0,,,N,0,0,23,0,0,0,,,,0,10,2006,WD ,Abnorml,51689
2248,914452090,85,RL,,12150,Pave,,IR1,Bnk,AllPub,CulDSac,Gtl,Mitchel,Norm,Norm,1Fam,SFoyer,6,6,1979,1979,Gable,CompShg,HdBoard,Wd Shng,None,0.0,TA,TA,CBlock,Gd,TA,Av,GLQ,1001.0,Unf,0.0,0.0,1001.0,GasA,TA,Y,SBrkr,1299,0,0,1299,1.0,0.0,2,0,2,1,Gd,5,Typ,1,Po,BuiltIn,1979.0,RFn,2.0,486.0,TA,TA,Y,84,0,222,0,0,0,,MnPrv,,0,1,2007,WD ,Normal,183500
2296,923230010,60,RL,68.0,8286,Pave,,IR1,Lvl,AllPub,Corner,Gtl,Mitchel,Norm,Norm,1Fam,2Story,5,7,1977,1977,Gable,CompShg,Plywood,Plywood,None,0.0,TA,TA,PConc,Gd,TA,No,Rec,531.0,Unf,0.0,185.0,716.0,GasA,Ex,Y,SBrkr,716,716,0,1432,1.0,0.0,1,1,3,1,TA,6,Typ,1,Gd,Attchd,1977.0,Fin,2.0,531.0,TA,TA,Y,0,136,0,0,240,0,,GdPrv,,0,6,2007,WD ,Normal,157000
2516,533242030,20,FV,60.0,7180,Pave,Pave,IR1,Lvl,AllPub,Inside,Gtl,Somerst,Norm,Norm,1Fam,1Story,8,5,2001,2002,Gable,CompShg,CemntBd,CmentBd,None,0.0,Gd,TA,PConc,Gd,TA,No,Unf,0.0,Unf,0.0,1568.0,1568.0,GasA,Ex,Y,SBrkr,1568,0,0,1568,0.0,0.0,2,0,3,1,Gd,6,Typ,1,TA,Attchd,2001.0,RFn,2.0,564.0,TA,TA,Y,0,266,0,0,0,0,,,,0,9,2006,WD ,Normal,221000
1411,905451330,20,RL,68.0,9571,Pave,,Reg,Lvl,AllPub,Inside,Gtl,Edwards,Norm,Norm,1Fam,1Story,5,6,1956,1956,Hip,CompShg,Wd Sdng,Wd Sdng,None,0.0,TA,TA,CBlock,TA,TA,Av,Rec,870.0,Unf,0.0,639.0,1509.0,GasA,TA,Y,FuseA,1509,0,0,1509,1.0,0.0,1,0,3,1,Gd,6,Typ,1,TA,Attchd,1956.0,Unf,1.0,322.0,TA,TA,Y,158,0,0,0,576,0,,MnPrv,,0,7,2008,WD ,Normal,159900
2785,907202140,20,RL,69.0,9920,Pave,,IR1,Lvl,AllPub,Inside,Gtl,CollgCr,Norm,Norm,1Fam,1Story,5,6,1969,1969,Gable,CompShg,HdBoard,Plywood,None,0.0,TA,TA,CBlock,Gd,TA,Gd,ALQ,523.0,Unf,0.0,448.0,971.0,GasA,TA,Y,SBrkr,971,0,0,971,0.0,0.0,1,1,3,1,TA,5,Typ,1,Po,Attchd,1969.0,Unf,1.0,300.0,TA,TA,Y,0,0,0,0,0,0,,,,0,5,2006,WD ,Normal,128500
1977,902106120,30,RM,56.0,4480,Pave,,Reg,Lvl,AllPub,Corner,Gtl,OldTown,Artery,Norm,1Fam,1Story,5,5,1922,1950,Gable,CompShg,AsbShng,AsbShng,None,0.0,TA,TA,PConc,Fa,Fa,No,LwQ,782.0,Unf,0.0,240.0,1022.0,GasA,TA,N,FuseF,1022,0,0,1022,1.0,0.0,1,0,2,1,Fa,4,Typ,1,Gd,Detchd,1922.0,Unf,1.0,184.0,TA,Fa,N,0,122,20,0,0,0,,MnPrv,,0,2,2007,WD ,Normal,89500
22,527358200,85,RL,85.0,10625,Pave,,Reg,Lvl,AllPub,Inside,Gtl,NWAmes,Norm,Norm,1Fam,SFoyer,7,6,1974,1974,Gable,CompShg,Plywood,Plywood,BrkFace,81.0,TA,TA,CBlock,Gd,TA,Gd,GLQ,885.0,LwQ,168.0,0.0,1053.0,GasA,TA,Y,SBrkr,1173,0,0,1173,1.0,0.0,2,0,3,1,Gd,6,Typ,2,TA,Attchd,1974.0,RFn,2.0,528.0,TA,TA,Y,0,120,0,0,0,0,,MnPrv,,0,1,2010,WD ,Family,170000
2571,535150300,75,RL,174.0,25419,Pave,,Reg,Lvl,AllPub,Corner,Gtl,NAmes,Artery,Norm,1Fam,2Story,8,4,1918,1990,Gable,CompShg,Stucco,Stucco,None,0.0,Gd,Gd,PConc,TA,TA,No,GLQ,1036.0,LwQ,184.0,140.0,1360.0,GasA,Gd,Y,SBrkr,1360,1360,392,3112,1.0,1.0,2,0,4,1,Gd,8,Typ,1,Ex,Detchd,1918.0,Unf,2.0,795.0,TA,TA,Y,0,16,552,0,0,512,Ex,GdPrv,,0,3,2006,WD ,Abnorml,235000
2126,907135080,20,RL,70.0,16561,Pave,,IR2,Low,AllPub,Inside,Mod,CollgCr,Norm,Norm,1Fam,1Story,5,5,1996,1996,Gable,CompShg,VinylSd,VinylSd,None,0.0,TA,TA,PConc,Gd,TA,No,ALQ,549.0,Unf,0.0,548.0,1097.0,GasA,Ex,Y,SBrkr,1097,0,0,1097,1.0,0.0,1,1,3,1,TA,6,Typ,0,,Attchd,1996.0,Unf,1.0,242.0,TA,TA,Y,306,0,0,0,0,0,,GdPrv,,0,7,2007,WD ,Normal,147900
49,528180070,120,RL,61.0,7658,Pave,,Reg,Lvl,AllPub,Inside,Gtl,NridgHt,Norm,Norm,TwnhsE,1Story,9,5,2005,2005,Hip,CompShg,MetalSd,MetalSd,BrkFace,412.0,Ex,TA,PConc,Ex,TA,No,GLQ,456.0,Unf,0.0,1296.0,1752.0,GasA,Ex,Y,SBrkr,1752,0,0,1752,1.0,0.0,2,0,2,1,Ex,6,Typ,1,Gd,Attchd,2005.0,RFn,2.0,576.0,TA,TA,Y,196,82,0,0,0,0,,,,0,2,2010,WD ,Normal,319900
1238,535152200,20,RL,74.0,8856,Pave,,Reg,Lvl,AllPub,Inside,Gtl,NAmes,Norm,Norm,1Fam,1Story,5,4,1957,1957,Gable,CompShg,Wd Sdng,Wd Sdng,BrkFace,143.0,TA,TA,CBlock,TA,TA,No,ALQ,621.0,LwQ,52.0,503.0,1176.0,GasA,TA,Y,SBrkr,1176,0,0,1176,1.0,0.0,1,0,3,1,TA,6,Typ,2,Gd,Attchd,1957.0,RFn,1.0,292.0,TA,TA,Y,0,88,0,0,95,0,,,,0,5,2008,WD ,Normal,136500
1350,903235100,30,RM,60.0,6324,Pave,,IR1,Lvl,AllPub,Inside,Gtl,BrkSide,Feedr,RRNn,1Fam,1Story,4,6,1927,1950,Gable,CompShg,MetalSd,MetalSd,None,0.0,TA,TA,BrkTil,TA,TA,No,Unf,0.0,Unf,0.0,520.0,520.0,GasA,Fa,N,SBrkr,520,0,0,520,0.0,0.0,1,0,1,1,Fa,4,Typ,0,,Detchd,1920.0,Unf,1.0,240.0,Fa,TA,Y,49,0,87,0,0,0,,,,0,5,2008,WD ,Normal,68500
1292,902109080,190,RM,63.0,11426,Pave,Grvl,Reg,Lvl,AllPub,Inside,Gtl,OldTown,Norm,Norm,2fmCon,1.5Fin,4,6,1910,1996,Gable,CompShg,Wd Sdng,Wd Sdng,None,0.0,TA,TA,Stone,TA,TA,No,Unf,0.0,Unf,0.0,828.0,828.0,GasA,Gd,Y,FuseA,828,658,108,1594,0.0,0.0,2,0,3,2,TA,9,Typ,0,,,,,0.0,0.0,,,N,0,172,109,0,0,0,,,,0,6,2008,WD ,Normal,118000
2870,909426060,60,RL,78.0,15600,Pave,,Reg,Lvl,AllPub,Inside,Gtl,Crawfor,Norm,Norm,1Fam,2Story,5,7,1950,1963,Gable,CompShg,Wd Sdng,Wd Sdng,BrkFace,405.0,TA,Gd,CBlock,Gd,TA,No,GLQ,760.0,Unf,0.0,408.0,1168.0,GasA,Gd,Y,SBrkr,1278,1037,0,2315,1.0,0.0,2,0,4,1,TA,9,Typ,3,Gd,Attchd,1950.0,Fin,1.0,342.0,TA,TA,Y,0,0,0,0,192,0,,,,0,7,2006,WD ,Normal,257000
1227,534477270,80,RL,80.0,9600,Pave,,Reg,Lvl,AllPub,Inside,Gtl,NAmes,Norm,Norm,1Fam,SLvl,6,6,1955,1996,Hip,CompShg,AsbShng,AsbShng,None,0.0,TA,TA,CBlock,TA,TA,Av,BLQ,831.0,Unf,0.0,161.0,992.0,GasA,Gd,Y,SBrkr,1661,0,0,1661,1.0,0.0,1,0,3,1,Gd,8,Typ,1,TA,BuiltIn,1955.0,RFn,1.0,377.0,TA,TA,Y,0,28,0,0,178,0,,MnPrv,,0,10,2008,WD ,Normal,165500
2433,528235130,60,RL,74.0,9056,Pave,,IR1,Lvl,AllPub,Inside,Gtl,Gilbert,Norm,Norm,1Fam,2Story,8,5,2004,2004,Gable,CompShg,VinylSd,VinylSd,None,0.0,Gd,TA,PConc,Ex,Gd,Av,Unf,0.0,Unf,0.0,707.0,707.0,GasA,Ex,Y,SBrkr,707,707,0,1414,0.0,0.0,2,1,3,1,Gd,6,Typ,1,Gd,Attchd,2004.0,Fin,2.0,403.0,TA,TA,Y,100,35,0,0,0,0,,,,0,10,2006,WD ,Normal,178000
2366,527450080,160,RM,24.0,2160,Pave,,Reg,Lvl,AllPub,Inside,Gtl,BrDale,Norm,Norm,TwnhsE,2Story,5,6,1973,1973,Gable,CompShg,HdBoard,HdBoard,BrkFace,200.0,TA,TA,CBlock,TA,TA,No,LwQ,402.0,Unf,0.0,363.0,765.0,GasA,Gd,Y,SBrkr,765,600,0,1365,0.0,0.0,1,1,3,1,Gd,7,Min1,1,Fa,Attchd,1973.0,Unf,2.0,440.0,TA,TA,Y,0,36,0,0,0,0,,,,0,6,2006,WD ,Normal,125500
1751,528240020,60,RL,62.0,8244,Pave,,IR1,Lvl,AllPub,Inside,Gtl,Gilbert,Norm,Norm,1Fam,2Story,7,5,2004,2004,Gable,CompShg,VinylSd,VinylSd,None,0.0,Gd,TA,PConc,Gd,TA,No,Unf,0.0,Unf,0.0,840.0,840.0,GasA,Ex,Y,SBrkr,840,880,0,1720,0.0,0.0,2,1,3,1,Gd,7,Typ,1,Gd,Attchd,2004.0,Fin,2.0,440.0,TA,TA,Y,100,48,0,0,0,0,,,,0,5,2007,WD ,Normal,183500
467,528221060,60,RL,149.0,12589,Pave,,IR2,Lvl,AllPub,Inside,Gtl,Gilbert,Norm,Norm,1Fam,2Story,6,5,2005,2005,Gable,CompShg,VinylSd,VinylSd,None,0.0,Gd,TA,PConc,Gd,TA,No,Unf,0.0,Unf,0.0,742.0,742.0,GasA,Ex,Y,SBrkr,742,742,0,1484,0.0,0.0,2,1,3,1,Gd,8,Typ,1,Gd,Attchd,2005.0,Fin,2.0,390.0,TA,TA,Y,36,24,0,0,0,0,,,,0,6,2009,WD ,Normal,174000
979,923228150,160,RM,21.0,1533,Pave,,Reg,Lvl,AllPub,Inside,Gtl,MeadowV,Norm,Norm,Twnhs,2Story,4,6,1970,2008,Gable,CompShg,CemntBd,CmentBd,None,0.0,TA,TA,CBlock,TA,TA,No,Unf,0.0,Unf,0.0,546.0,546.0,GasA,TA,Y,SBrkr,798,546,0,1344,0.0,0.0,1,1,3,1,TA,6,Typ,1,TA,,,,0.0,0.0,,,Y,0,0,0,0,0,0,,,,0,5,2009,WD ,Normal,97000
1993,902301130,70,RM,35.0,4571,Pave,Grvl,Reg,Lvl,AllPub,Inside,Gtl,OldTown,Norm,Norm,1Fam,2Story,5,7,1910,1950,Gable,CompShg,MetalSd,MetalSd,None,0.0,TA,TA,BrkTil,TA,TA,No,BLQ,168.0,Unf,0.0,448.0,616.0,GasA,Ex,Y,SBrkr,616,616,0,1232,0.0,0.0,1,0,3,1,TA,6,Typ,0,,Detchd,1920.0,Unf,2.0,480.0,Fa,Fa,Y,280,0,143,0,0,0,,,,0,6,2007,WD ,Normal,114000
1457,907253110,60,RL,,10400,Pave,,Reg,Lvl,AllPub,Inside,Gtl,CollgCr,Norm,Norm,1Fam,2Story,7,5,2001,2001,Gable,CompShg,VinylSd,VinylSd,BrkFace,227.0,Gd,TA,PConc,Gd,TA,No,Unf,0.0,Unf,0.0,1257.0,1257.0,GasA,Ex,Y,SBrkr,1290,871,0,2161,0.0,0.0,2,1,3,1,Gd,8,Typ,1,TA,Attchd,2001.0,RFn,2.0,570.0,TA,TA,Y,0,84,0,0,0,0,,,,0,6,2008,WD ,Normal,230500
2235,910201050,50,RM,50.0,7288,Pave,,Reg,Lvl,AllPub,Inside,Gtl,IDOTRR,Artery,Norm,1Fam,1.5Fin,5,7,1925,2003,Gable,CompShg,VinylSd,VinylSd,None,0.0,Gd,Gd,BrkTil,TA,Po,No,Unf,0.0,Unf,0.0,936.0,936.0,GasA,Ex,Y,SBrkr,936,665,0,1601,0.0,0.0,2,0,3,1,TA,6,Typ,0,,,,,0.0,0.0,,,N,0,0,0,176,0,0,,,,0,9,2007,WD ,Normal,129850
2848,909176180,50,RL,60.0,10890,Pave,,Reg,Lvl,AllPub,Inside,Gtl,SWISU,Norm,Norm,1Fam,1.5Fin,5,5,1938,1950,Gable,CompShg,MetalSd,MetalSd,None,0.0,TA,TA,BrkTil,Fa,TA,No,LwQ,930.0,Unf,0.0,128.0,1058.0,GasA,TA,Y,SBrkr,1058,493,0,1551,1.0,0.0,2,0,3,1,Fa,6,Typ,0,,Detchd,1938.0,Unf,1.0,240.0,Fa,TA,Y,0,0,0,0,0,0,,MnPrv,,0,7,2006,WD ,Normal,137000
2603,535380130,50,RL,60.0,10818,Pave,Grvl,Reg,Lvl,AllPub,Inside,Gtl,OldTown,Norm,Norm,1Fam,1.5Fin,4,4,1910,1950,Gable,CompShg,VinylSd,VinylSd,None,0.0,TA,TA,BrkTil,Fa,TA,No,Unf,0.0,Unf,0.0,1077.0,1077.0,GasA,TA,Y,FuseA,981,779,0,1760,0.0,0.0,1,1,4,1,TA,7,Typ,1,TA,Detchd,1935.0,Unf,2.0,648.0,Fa,TA,Y,120,0,96,0,0,0,,,,0,2,2006,COD,Abnorml,80000
621,534477110,50,RL,80.0,9600,Pave,,Reg,Lvl,AllPub,Inside,Gtl,NAmes,Norm,Norm,1Fam,1.5Fin,6,8,1950,2005,Gable,CompShg,VinylSd,VinylSd,None,0.0,TA,Gd,CBlock,TA,TA,No,BLQ,120.0,Unf,0.0,736.0,856.0,GasA,Ex,Y,SBrkr,1112,556,0,1668,0.0,0.0,1,1,3,1,TA,6,Min2,0,,Attchd,1950.0,Unf,1.0,271.0,TA,TA,Y,0,0,0,0,0,0,,MnPrv,,0,9,2009,WD ,Normal,140000
650,535353060,20,RL,75.0,9533,Pave,,Reg,Lvl,AllPub,Inside,Gtl,NAmes,Norm,Norm,1Fam,1Story,5,5,1953,1953,Hip,CompShg,Wd Sdng,Wd Sdng,BrkFace,140.0,TA,TA,Slab,,,,,0.0,,0.0,0.0,0.0,GasA,TA,Y,FuseA,1210,0,0,1210,0.0,0.0,1,1,2,1,TA,7,Typ,0,,Attchd,1953.0,Fin,1.0,616.0,TA,TA,Y,208,0,100,0,0,0,,MnPrv,,0,8,2009,ConLD,Normal,102900
1879,534252060,90,RL,,10624,Pave,,IR1,Lvl,AllPub,Inside,Gtl,NAmes,Norm,Norm,Duplex,1Story,5,4,1964,1964,Gable,CompShg,HdBoard,HdBoard,BrkFace,84.0,TA,TA,CBlock,TA,TA,No,GLQ,40.0,Rec,264.0,1424.0,1728.0,GasA,TA,Y,SBrkr,1728,0,0,1728,0.0,1.0,2,0,6,2,TA,10,Typ,0,,Detchd,2002.0,Unf,1.0,352.0,TA,TA,Y,155,0,0,0,0,0,,,,0,11,2007,WD ,Normal,119000
458,528178010,20,RL,117.0,15262,Pave,,IR1,Lvl,AllPub,Corner,Gtl,NridgHt,Norm,Norm,1Fam,1Story,8,5,2003,2004,Hip,CompShg,VinylSd,VinylSd,BrkFace,470.0,Gd,TA,PConc,Ex,TA,Gd,GLQ,1557.0,Unf,0.0,643.0,2200.0,GasA,Ex,Y,SBrkr,2200,0,0,2200,1.0,0.0,2,1,3,1,Ex,8,Typ,1,Gd,Attchd,2003.0,Fin,3.0,685.0,TA,TA,Y,208,55,0,0,0,0,,,,0,7,2009,WD ,Normal,382500
2199,909251030,30,RL,54.0,7223,Pave,,Reg,Lvl,AllPub,Inside,Gtl,Crawfor,Norm,Norm,1Fam,1Story,5,5,1926,1950,Hip,CompShg,Stucco,Plywood,None,0.0,TA,TA,PConc,TA,TA,Mn,BLQ,319.0,Unf,0.0,971.0,1290.0,GasA,TA,Y,SBrkr,1422,0,0,1422,0.0,0.0,1,0,3,1,TA,6,Typ,0,,Detchd,1973.0,Unf,1.0,352.0,TA,TA,Y,0,0,64,0,0,0,,MnPrv,,0,4,2007,WD ,Normal,136500
1994,902302150,190,RM,85.0,13600,Pave,Grvl,Reg,Lvl,AllPub,Inside,Gtl,OldTown,Norm,Norm,2fmCon,2Story,5,5,1900,1950,Gable,CompShg,Wd Sdng,Wd Sdng,None,0.0,TA,TA,BrkTil,TA,TA,No,Unf,0.0,Unf,0.0,662.0,662.0,GasA,TA,N,SBrkr,1422,915,0,2337,0.0,0.0,2,0,5,2,TA,10,Min2,0,,Detchd,1945.0,Unf,2.0,560.0,TA,TA,Y,0,57,0,0,0,0,,,,0,9,2007,WD ,Normal,90000
833,906402060,80,RL,,12800,Pave,,Reg,Low,AllPub,Inside,Mod,SawyerW,Norm,Norm,1Fam,SLvl,7,5,1989,1989,Gable,CompShg,Wd Sdng,Wd Sdng,BrkFace,145.0,Gd,TA,PConc,Gd,TA,Gd,GLQ,1518.0,Unf,0.0,0.0,1518.0,GasA,Gd,Y,SBrkr,1644,0,0,1644,1.0,1.0,2,0,2,1,Gd,5,Typ,1,TA,Attchd,1989.0,Fin,2.0,569.0,TA,TA,Y,80,0,0,0,396,0,,,,0,8,2009,WD ,Normal,275000
2584,535303050,20,RL,75.0,11310,Pave,,Reg,Lvl,AllPub,Inside,Gtl,NAmes,Norm,Norm,1Fam,1Story,6,5,1954,1954,Hip,CompShg,Wd Sdng,BrkFace,None,0.0,TA,TA,CBlock,TA,TA,No,Unf,0.0,Unf,0.0,1367.0,1367.0,GasA,Ex,Y,SBrkr,1375,0,0,1375,0.0,0.0,1,0,2,1,TA,5,Typ,1,TA,Attchd,1954.0,Unf,2.0,451.0,TA,TA,Y,0,30,0,0,0,0,,,,0,6,2006,WD ,Normal,140000
305,911128180,50,C (all),60.0,7500,Pave,,Reg,Lvl,AllPub,Inside,Gtl,IDOTRR,Norm,Norm,1Fam,1.5Fin,4,4,1920,1950,Gable,CompShg,MetalSd,MetalSd,None,0.0,TA,Gd,CBlock,TA,TA,No,Unf,0.0,Unf,0.0,698.0,698.0,GasA,TA,Y,FuseA,698,430,0,1128,0.0,0.0,1,0,2,1,TA,6,Typ,0,,Detchd,1980.0,RFn,2.0,528.0,TA,TA,Y,30,0,164,0,0,0,,,,0,4,2010,COD,Abnorml,68400
2276,921128030,20,RL,85.0,12633,Pave,,IR1,HLS,AllPub,Inside,Gtl,Timber,PosA,PosA,1Fam,1Story,10,5,2006,2007,Hip,CompShg,MetalSd,MetalSd,BrkFace,242.0,Ex,TA,PConc,Ex,TA,Gd,Unf,0.0,Unf,0.0,1824.0,1824.0,GasA,Ex,Y,SBrkr,1824,0,0,1824,0.0,0.0,2,0,3,1,Ex,8,Typ,1,Gd,Attchd,2006.0,Fin,3.0,932.0,TA,TA,Y,160,36,0,0,108,0,,,,0,9,2007,New,Partial,392000
1515,909101060,30,RL,45.0,8248,Pave,Grvl,Reg,Lvl,AllPub,Inside,Gtl,Edwards,Norm,Norm,1Fam,1Story,3,3,1914,1950,Gable,CompShg,Stucco,Stucco,None,0.0,TA,TA,BrkTil,TA,TA,No,BLQ,41.0,Unf,0.0,823.0,864.0,GasA,TA,N,FuseF,864,0,0,864,1.0,0.0,1,0,2,1,TA,5,Typ,0,,,,,0.0,0.0,,,N,0,0,100,0,0,0,,,,0,9,2008,WD ,Normal,67000
2874,910200060,50,RM,50.0,7000,Pave,,Reg,Lvl,AllPub,Inside,Gtl,IDOTRR,Norm,Norm,1Fam,1.5Fin,6,7,1926,1950,Hip,CompShg,MetalSd,MetalSd,None,0.0,TA,TA,PConc,TA,TA,No,ALQ,374.0,Unf,0.0,487.0,861.0,GasA,Ex,Y,SBrkr,861,424,0,1285,0.0,1.0,1,0,3,1,TA,6,Typ,0,,Detchd,1950.0,Fin,2.0,506.0,TA,TA,Y,96,0,132,0,0,0,,MnPrv,,0,5,2006,WD ,Normal,145400
845,907181100,20,RL,68.0,9017,Pave,,IR1,Lvl,AllPub,Inside,Gtl,CollgCr,Norm,Norm,1Fam,1Story,7,5,1999,1999,Gable,CompShg,VinylSd,VinylSd,None,0.0,Gd,TA,PConc,Gd,TA,Av,GLQ,560.0,Unf,0.0,871.0,1431.0,GasA,Ex,Y,SBrkr,1431,0,0,1431,1.0,0.0,2,0,3,1,Gd,6,Typ,0,,Attchd,1999.0,Fin,2.0,666.0,TA,TA,Y,0,35,0,0,0,0,,,,0,9,2009,WD ,Normal,192000
41,528120100,20,RL,95.0,12182,Pave,,Reg,Lvl,AllPub,Corner,Gtl,NridgHt,Norm,Norm,1Fam,1Story,7,5,2005,2005,Gable,CompShg,VinylSd,VinylSd,BrkFace,226.0,Gd,TA,PConc,Gd,TA,Mn,BLQ,1201.0,Unf,0.0,340.0,1541.0,GasA,Ex,Y,SBrkr,1541,0,0,1541,0.0,0.0,2,0,3,1,Gd,7,Typ,1,Gd,Attchd,2005.0,RFn,2.0,532.0,TA,TA,Y,0,70,0,0,0,0,,,,0,5,2010,New,Partial,220000
2066,905225020,60,RL,99.0,16779,Pave,,Reg,Lvl,AllPub,Inside,Gtl,Sawyer,Feedr,Norm,1Fam,2Story,5,4,1920,1996,Gable,CompShg,Wd Sdng,Wd Sdng,BrkFace,356.0,TA,Fa,CBlock,Gd,TA,No,BLQ,267.0,Unf,0.0,404.0,671.0,GasA,Fa,Y,SBrkr,1567,1087,0,2654,0.0,0.0,3,0,4,1,TA,11,Mod,1,Gd,Attchd,1946.0,Unf,2.0,638.0,TA,TA,Y,128,570,0,0,0,0,,,Shed,500,5,2007,WD ,Normal,158000
411,527453060,160,RL,24.0,2280,Pave,,Reg,Lvl,AllPub,FR2,Gtl,NPkVill,Norm,Norm,Twnhs,2Story,6,6,1976,1976,Gable,CompShg,Plywood,Brk Cmn,None,0.0,TA,TA,CBlock,Gd,TA,No,ALQ,566.0,Unf,0.0,289.0,855.0,GasA,TA,Y,SBrkr,855,601,0,1456,0.0,0.0,2,1,3,1,TA,7,Typ,1,TA,Attchd,1976.0,Unf,2.0,440.0,TA,TA,Y,87,0,0,0,0,0,,,,0,7,2009,WD ,Normal,148500
839,907131090,60,RL,43.0,10667,Pave,,IR2,Lvl,AllPub,CulDSac,Gtl,CollgCr,PosN,Norm,1Fam,2Story,7,6,1996,1996,Gable,CompShg,VinylSd,VinylSd,None,0.0,Gd,TA,PConc,Gd,TA,Av,GLQ,385.0,ALQ,344.0,70.0,799.0,GasA,Ex,Y,SBrkr,827,834,0,1661,1.0,0.0,2,1,3,1,Gd,6,Typ,1,TA,Attchd,1996.0,RFn,2.0,550.0,TA,TA,Y,158,61,0,0,0,0,,,,0,4,2009,ConLw,Normal,212000
1164,533212140,160,FV,30.0,3180,Pave,Pave,Reg,Lvl,AllPub,Inside,Gtl,Somerst,Norm,Norm,TwnhsE,2Story,7,5,2007,2007,Gable,CompShg,VinylSd,VinylSd,None,0.0,Gd,TA,PConc,Gd,TA,No,Unf,0.0,Unf,0.0,689.0,689.0,GasA,Ex,Y,SBrkr,703,689,0,1392,0.0,0.0,2,0,2,1,Gd,5,Typ,0,,Detchd,2007.0,Unf,2.0,540.0,TA,TA,Y,0,102,0,0,0,0,,,,0,3,2008,WD ,Abnorml,146000
1226,534477090,20,RL,80.0,9600,Pave,,Reg,Lvl,AllPub,Inside,Gtl,NAmes,Norm,Norm,1Fam,1Story,5,8,1950,2006,Gable,CompShg,HdBoard,HdBoard,None,0.0,TA,Gd,CBlock,TA,TA,No,BLQ,32.0,Rec,308.0,232.0,572.0,GasA,Gd,Y,SBrkr,1337,0,0,1337,1.0,0.0,1,0,3,1,Gd,7,Typ,1,Gd,Attchd,1950.0,RFn,1.0,264.0,TA,TA,Y,0,192,0,0,0,0,,,,0,9,2008,WD ,Normal,141500
662,535382100,70,RL,60.0,7200,Pave,,Reg,Lvl,AllPub,Corner,Gtl,OldTown,Artery,Norm,1Fam,2Story,7,9,1910,2008,Gable,CompShg,VinylSd,VinylSd,None,0.0,Gd,Gd,PConc,TA,TA,No,Unf,0.0,Unf,0.0,560.0,560.0,GasA,Ex,Y,SBrkr,930,760,0,1690,0.0,0.0,2,0,4,1,Gd,5,Typ,0,,Detchd,2008.0,Unf,2.0,624.0,TA,TA,Y,0,0,112,0,0,0,,,,0,8,2009,WD ,Normal,156500
641,535301170,20,RL,74.0,8532,Pave,,Reg,Lvl,AllPub,Inside,Gtl,NAmes,Norm,Norm,1Fam,1Story,5,6,1954,1990,Hip,CompShg,Wd Sdng,Wd Sdng,BrkFace,650.0,TA,TA,CBlock,TA,TA,No,Rec,1213.0,Unf,0.0,84.0,1297.0,GasA,Gd,Y,SBrkr,1297,0,0,1297,0.0,1.0,1,0,3,1,TA,5,Typ,1,TA,Attchd,1954.0,Fin,2.0,498.0,TA,TA,Y,0,0,0,0,0,0,,,,0,10,2009,WD ,Normal,153000
1584,916455120,20,RL,82.0,11202,Pave,,IR1,Lvl,AllPub,Inside,Gtl,Timber,Norm,Norm,1Fam,1Story,8,5,2003,2003,Hip,CompShg,VinylSd,VinylSd,BrkFace,206.0,Gd,TA,PConc,Ex,TA,Av,GLQ,1029.0,Unf,0.0,403.0,1432.0,GasA,Ex,Y,SBrkr,1440,0,0,1440,1.0,0.0,2,0,3,1,Gd,7,Typ,1,TA,Attchd,2003.0,Fin,2.0,467.0,TA,TA,Y,185,95,0,0,0,0,,,,0,6,2008,WD ,Normal,232500
1033,527380240,60,RL,,14311,Pave,,IR1,Lvl,AllPub,FR3,Gtl,NWAmes,Norm,Norm,1Fam,2Story,8,5,1996,1996,Gable,CompShg,VinylSd,VinylSd,BrkFace,402.0,Gd,TA,PConc,Gd,TA,No,GLQ,1023.0,Unf,0.0,213.0,1236.0,GasA,Ex,Y,SBrkr,1236,1104,0,2340,1.0,0.0,2,1,4,1,Gd,9,Typ,1,Gd,Attchd,1996.0,RFn,3.0,787.0,TA,TA,Y,192,180,218,0,0,0,,GdPrv,,0,6,2008,WD ,Normal,306000
2278,923202134,20,RL,70.0,8402,Pave,,Reg,Lvl,AllPub,Inside,Gtl,Mitchel,Feedr,Norm,1Fam,1Story,5,5,2007,2007,Gable,CompShg,VinylSd,VinylSd,None,0.0,TA,TA,PConc,Gd,TA,No,ALQ,206.0,Unf,0.0,914.0,1120.0,GasA,Ex,Y,SBrkr,1120,0,0,1120,0.0,0.0,1,0,3,1,TA,6,Typ,0,,,,,0.0,0.0,,,Y,0,30,0,0,0,0,,,,0,12,2007,New,Partial,147000
740,903230100,30,RM,60.0,6911,Pave,,Reg,Lvl,AllPub,FR2,Gtl,BrkSide,Feedr,Norm,1Fam,1Story,5,5,1924,1950,Gable,CompShg,Wd Sdng,Wd Sdng,None,0.0,TA,TA,PConc,TA,TA,Mn,LwQ,405.0,Unf,0.0,740.0,1145.0,GasA,TA,Y,SBrkr,1301,0,0,1301,0.0,0.0,1,0,2,1,Fa,5,Min1,0,,Detchd,1965.0,Unf,2.0,440.0,TA,TA,Y,0,0,0,0,0,0,,,,0,10,2009,WD ,Normal,100000
234,905352140,60,RL,,17082,Pave,,IR1,Low,AllPub,CulDSac,Mod,ClearCr,Norm,Norm,1Fam,2Story,6,5,1978,1992,Gable,CompShg,VinylSd,VinylSd,BrkFace,288.0,TA,TA,PConc,Gd,TA,Av,ALQ,964.0,Unf,0.0,153.0,1117.0,GasA,Ex,Y,SBrkr,1117,864,0,1981,1.0,0.0,2,1,4,1,Gd,8,Typ,1,TA,Attchd,1978.0,Fin,2.0,522.0,TA,TA,Y,336,104,0,0,0,0,,,,0,5,2010,WD ,Normal,230000
1166,533213070,160,FV,24.0,2280,Pave,Pave,Reg,Lvl,AllPub,Inside,Gtl,Somerst,Norm,Norm,Twnhs,2Story,7,5,1999,1999,Gable,CompShg,MetalSd,MetalSd,BrkFace,360.0,TA,TA,PConc,Gd,TA,No,ALQ,549.0,Unf,0.0,195.0,744.0,GasA,Gd,Y,SBrkr,757,744,0,1501,0.0,0.0,2,1,3,1,TA,6,Typ,0,,Detchd,1999.0,Unf,2.0,440.0,TA,TA,Y,0,0,0,0,0,0,,,,0,8,2008,WD ,Normal,179400
2387,528118010,60,RL,101.0,14215,Pave,,IR1,Lvl,AllPub,Corner,Gtl,NridgHt,Norm,Norm,1Fam,2Story,8,5,2005,2006,Gable,CompShg,VinylSd,VinylSd,BrkFace,380.0,Gd,TA,PConc,Ex,TA,Av,Unf,0.0,Unf,0.0,1158.0,1158.0,GasA,Ex,Y,SBrkr,1158,1218,0,2376,0.0,0.0,3,1,4,1,Gd,9,Typ,1,Gd,BuiltIn,2005.0,RFn,3.0,853.0,TA,TA,Y,240,154,0,0,0,0,,,,0,11,2006,New,Partial,325300
1847,533221100,160,FV,,2117,Pave,,Reg,Lvl,AllPub,Inside,Gtl,Somerst,Norm,Norm,Twnhs,2Story,6,5,2000,2000,Gable,CompShg,MetalSd,MetalSd,BrkFace,456.0,Gd,TA,PConc,Gd,TA,No,GLQ,436.0,Unf,0.0,320.0,756.0,GasA,Ex,Y,SBrkr,769,756,0,1525,0.0,0.0,2,1,3,1,Gd,5,Typ,1,TA,Detchd,2000.0,Unf,2.0,440.0,TA,TA,Y,0,0,0,0,0,0,,,,0,6,2007,WD ,Normal,177000
2869,909425180,20,RL,80.0,12984,Pave,,Reg,Bnk,AllPub,Inside,Gtl,Crawfor,Norm,Norm,1Fam,1Story,5,6,1977,1977,Gable,CompShg,Plywood,Plywood,BrkFace,459.0,TA,TA,CBlock,Gd,TA,Mn,ALQ,1283.0,LwQ,147.0,0.0,1430.0,GasA,Ex,Y,SBrkr,1647,0,0,1647,1.0,0.0,2,0,3,1,Gd,7,Typ,1,TA,Attchd,1977.0,Fin,2.0,621.0,TA,TA,Y,0,0,0,0,0,0,,,,0,3,2006,WD ,Normal,217500
771,905103040,60,RL,70.0,11184,Pave,,Reg,Lvl,AllPub,Inside,Gtl,Sawyer,Norm,Norm,1Fam,2Story,6,5,1978,1978,Hip,CompShg,HdBoard,HdBoard,BrkFace,92.0,TA,TA,CBlock,TA,TA,No,LwQ,226.0,Rec,500.0,192.0,918.0,GasA,Gd,Y,SBrkr,918,765,0,1683,0.0,0.0,2,1,3,1,TA,7,Typ,1,TA,Attchd,1978.0,RFn,2.0,440.0,TA,TA,Y,243,0,0,0,0,0,,,,0,7,2009,WD ,Normal,172500
1231,535105030,20,RL,75.0,7875,Pave,,Reg,Lvl,AllPub,Inside,Gtl,NAmes,Norm,Norm,1Fam,1Story,5,6,1961,1961,Gable,CompShg,VinylSd,VinylSd,BrkFace,136.0,TA,TA,CBlock,TA,TA,No,Rec,572.0,Unf,0.0,572.0,1144.0,GasA,Gd,Y,SBrkr,1144,0,0,1144,1.0,0.0,1,0,3,1,TA,6,Typ,0,,Attchd,1961.0,Unf,2.0,456.0,TA,TA,Y,0,0,0,0,0,0,,GdWo,,0,9,2008,WD ,Normal,139950
1471,907295020,20,RL,75.0,13125,Pave,,Reg,Lvl,AllPub,Inside,Mod,CollgCr,Norm,Norm,1Fam,1Story,6,5,1997,1998,Gable,CompShg,VinylSd,VinylSd,BrkFace,215.0,TA,TA,PConc,Gd,TA,Gd,GLQ,994.0,Unf,0.0,484.0,1478.0,GasA,Ex,Y,SBrkr,1493,0,0,1493,1.0,0.0,2,0,3,1,Gd,7,Typ,1,TA,Attchd,1997.0,Fin,2.0,508.0,TA,TA,Y,140,39,0,0,0,0,,,,0,4,2008,WD ,Normal,208900
2473,531375060,20,RL,63.0,13072,Pave,,Reg,Lvl,AllPub,Inside,Gtl,SawyerW,RRAe,Norm,1Fam,1Story,6,5,2005,2006,Gable,CompShg,VinylSd,VinylSd,None,0.0,TA,TA,PConc,Gd,TA,No,Unf,0.0,Unf,0.0,1131.0,1131.0,GasA,Ex,Y,SBrkr,1131,0,0,1131,0.0,0.0,1,1,3,1,Gd,6,Typ,0,,,,,0.0,0.0,,,Y,0,39,0,0,0,0,,,,0,3,2006,New,Partial,132000
1111,528427010,20,RL,92.0,11932,Pave,,Reg,Lvl,AllPub,FR2,Gtl,Somerst,Feedr,Norm,1Fam,1Story,8,5,2007,2008,Gable,CompShg,VinylSd,VinylSd,Stone,186.0,Gd,TA,PConc,Gd,TA,No,Unf,0.0,Unf,0.0,1580.0,1580.0,GasA,Ex,Y,SBrkr,1580,0,0,1580,0.0,0.0,2,0,3,1,Gd,7,Typ,0,,Attchd,2008.0,RFn,3.0,830.0,TA,TA,Y,0,24,0,0,0,0,,,,0,6,2008,ConLD,Partial,235128
931,909427200,20,RL,80.0,14000,Pave,,Reg,Lvl,AllPub,Inside,Gtl,Crawfor,Norm,Norm,1Fam,1Story,6,8,1950,2004,Gable,CompShg,HdBoard,HdBoard,None,0.0,TA,Gd,CBlock,TA,TA,No,Unf,0.0,Unf,0.0,1092.0,1092.0,GasA,Ex,Y,SBrkr,1152,0,0,1152,0.0,1.0,1,0,3,1,Gd,6,Typ,1,Gd,Attchd,1950.0,Unf,1.0,300.0,TA,TA,Y,0,36,0,0,0,0,,GdPrv,,0,8,2009,WD ,Family,158500
1530,909256060,50,RL,51.0,10480,Pave,,Reg,Lvl,AllPub,Inside,Gtl,SWISU,Norm,Norm,1Fam,1.5Fin,6,5,1936,1950,Gable,CompShg,MetalSd,MetalSd,None,0.0,TA,TA,BrkTil,TA,TA,No,Unf,0.0,Unf,0.0,1064.0,1064.0,GasA,Ex,Y,FuseA,1166,0,473,1639,0.0,0.0,1,0,3,1,TA,6,Maj2,0,,Detchd,1936.0,Unf,1.0,240.0,TA,TA,Y,0,0,0,0,0,0,,,,0,3,2008,WD ,Normal,115000
1022,527302210,20,RL,85.0,14450,Pave,,Reg,Lvl,AllPub,Inside,Gtl,NWAmes,Norm,Norm,1Fam,1Story,7,5,1979,1979,Hip,CompShg,Plywood,Plywood,BrkFace,194.0,Gd,TA,CBlock,Gd,Fa,No,ALQ,864.0,LwQ,449.0,469.0,1782.0,GasA,TA,Y,SBrkr,1782,0,0,1782,0.0,1.0,2,0,3,1,Gd,6,Typ,1,TA,Attchd,1979.0,Fin,2.0,551.0,TA,TA,Y,467,0,0,0,0,0,,,,0,3,2008,WD ,Normal,220000
1745,528228555,20,RL,53.0,3710,Pave,,Reg,Lvl,AllPub,Inside,Gtl,Blmngtn,Norm,Norm,1Fam,1Story,7,5,2007,2007,Gable,CompShg,VinylSd,VinylSd,BrkFace,16.0,Gd,TA,PConc,Gd,TA,Av,Unf,0.0,Unf,0.0,1266.0,1266.0,GasA,Ex,Y,SBrkr,1266,0,0,1266,0.0,0.0,2,0,2,1,Gd,6,Typ,1,Gd,Attchd,2007.0,Fin,2.0,388.0,TA,TA,Y,100,16,0,0,0,0,,,,0,8,2007,New,Partial,185485
1918,535151100,20,RL,65.0,6860,Pave,,IR1,Lvl,AllPub,Inside,Gtl,NAmes,Norm,Norm,1Fam,1Story,5,6,1956,1956,Gable,CompShg,Wd Sdng,Wd Sdng,BrkCmn,54.0,TA,TA,CBlock,TA,TA,No,GLQ,908.0,Unf,0.0,100.0,1008.0,GasA,Ex,Y,SBrkr,1008,0,0,1008,1.0,0.0,1,0,3,1,Fa,6,Typ,0,,Detchd,1964.0,Unf,1.0,308.0,TA,TA,Y,0,0,0,0,0,0,,,,0,12,2007,WD ,Normal,131000
504,528387030,60,RL,,11692,Pave,,IR1,Lvl,AllPub,Inside,Gtl,NoRidge,Norm,Norm,1Fam,2Story,8,5,1993,1994,Gable,CompShg,HdBoard,HdBoard,BrkFace,372.0,Gd,TA,PConc,Gd,TA,No,GLQ,624.0,Unf,0.0,549.0,1173.0,GasA,Ex,Y,SBrkr,1215,1017,0,2232,1.0,0.0,2,1,3,1,Gd,8,Typ,1,TA,Attchd,1993.0,RFn,2.0,623.0,TA,TA,Y,173,165,0,0,0,0,,,,0,10,2009,WD ,Normal,263550
2404,528174080,120,RL,43.0,7052,Pave,,IR1,Lvl,AllPub,Inside,Gtl,NridgHt,Norm,Norm,TwnhsE,1Story,7,5,2005,2005,Gable,CompShg,VinylSd,VinylSd,Stone,240.0,Gd,TA,PConc,Gd,TA,Av,GLQ,659.0,Unf,0.0,705.0,1364.0,GasA,Ex,Y,SBrkr,1364,0,0,1364,1.0,0.0,2,0,2,1,Gd,6,Typ,1,Gd,Attchd,2005.0,RFn,2.0,484.0,TA,TA,Y,192,36,0,0,0,0,,,,0,6,2006,WD ,Normal,185850
2668,902401090,90,RM,33.0,5976,Pave,,Reg,Lvl,AllPub,Inside,Gtl,OldTown,Norm,Norm,Duplex,2Story,5,7,1920,1950,Hip,CompShg,Wd Sdng,Wd Sdng,None,0.0,TA,TA,PConc,TA,TA,No,Unf,0.0,Unf,0.0,624.0,624.0,GasA,Gd,N,FuseA,624,624,0,1248,0.0,0.0,2,0,2,2,TA,8,Typ,0,,,,,0.0,0.0,,,N,0,130,256,0,0,0,,,,0,12,2006,WD ,Normal,93500
1097,528292060,60,RL,41.0,12460,Pave,,IR1,Lvl,AllPub,FR2,Gtl,Gilbert,RRAn,Norm,1Fam,2Story,7,5,1999,2000,Gable,CompShg,VinylSd,VinylSd,None,0.0,Gd,TA,PConc,Gd,TA,No,GLQ,870.0,Unf,0.0,167.0,1037.0,GasA,Ex,Y,SBrkr,1037,1285,0,2322,0.0,0.0,2,1,4,1,TA,8,Typ,1,TA,BuiltIn,1999.0,Fin,2.0,400.0,TA,TA,Y,144,44,0,0,0,0,,,,0,5,2008,WD ,Normal,225000
2536,534201280,20,RL,70.0,8400,Pave,,Reg,Lvl,AllPub,Inside,Gtl,NAmes,Feedr,Norm,1Fam,1Story,5,5,1968,1968,Hip,CompShg,HdBoard,HdBoard,BrkFace,168.0,TA,TA,CBlock,TA,TA,Av,BLQ,1016.0,Unf,0.0,36.0,1052.0,GasA,Gd,Y,SBrkr,1052,0,0,1052,1.0,0.0,1,1,3,1,TA,5,Typ,0,,Attchd,1968.0,RFn,1.0,288.0,TA,TA,Y,356,0,0,0,0,0,,GdWo,,0,11,2006,WD ,Normal,138500
90,532479070,20,RL,39.0,15410,Pave,,IR1,Lvl,AllPub,CulDSac,Gtl,Sawyer,RRNe,Norm,1Fam,1Story,6,6,1974,2002,Hip,CompShg,Plywood,Plywood,BrkCmn,250.0,TA,Gd,CBlock,TA,TA,Gd,BLQ,126.0,GLQ,859.0,223.0,1208.0,GasA,Ex,Y,SBrkr,1494,0,0,1494,1.0,0.0,2,0,3,1,TA,7,Typ,2,Fa,Attchd,1974.0,Fin,2.0,461.0,TA,TA,Y,296,0,186,0,0,0,,GdPrv,,0,4,2010,WD ,Abnorml,169000
464,528188060,160,RL,36.0,2268,Pave,,Reg,Lvl,AllPub,Inside,Gtl,NridgHt,Norm,Norm,Twnhs,2Story,7,5,2003,2004,Gable,CompShg,VinylSd,Wd Shng,Stone,106.0,Gd,TA,PConc,Gd,TA,No,GLQ,567.0,Unf,0.0,197.0,764.0,GasA,Ex,Y,SBrkr,764,862,0,1626,0.0,0.0,2,0,2,1,Gd,6,Typ,0,,BuiltIn,2003.0,RFn,2.0,474.0,TA,TA,Y,0,27,0,0,0,0,,,,0,7,2009,WD ,Normal,173000
750,903427120,70,RM,57.0,8094,Pave,Grvl,Reg,Lvl,AllPub,Inside,Gtl,OldTown,Norm,Norm,1Fam,2Story,6,6,1915,1950,Gable,CompShg,MetalSd,MetalSd,None,0.0,TA,TA,PConc,TA,TA,No,Unf,0.0,Unf,0.0,1048.0,1048.0,GasA,Gd,Y,FuseA,1048,720,0,1768,0.0,0.0,2,0,3,1,TA,8,Typ,0,,Detchd,1930.0,Unf,2.0,576.0,Fa,Fa,Y,0,0,150,0,0,0,,,,0,6,2009,WD ,Normal,155000
1043,527451060,160,RM,21.0,1869,Pave,,Reg,Lvl,AllPub,Inside,Gtl,BrDale,Norm,Norm,Twnhs,2Story,6,6,1970,1970,Gable,CompShg,HdBoard,HdBoard,BrkFace,127.0,TA,TA,CBlock,TA,TA,No,Rec,321.0,Unf,0.0,162.0,483.0,GasA,TA,Y,SBrkr,483,504,0,987,0.0,0.0,1,1,2,1,TA,5,Typ,0,,Detchd,1987.0,Unf,1.0,280.0,TA,TA,Y,0,0,0,0,0,0,,,,0,9,2008,WD ,Normal,106000
2681,903233100,50,RM,52.0,6240,Pave,,Reg,Lvl,AllPub,Inside,Gtl,BrkSide,Norm,Norm,1Fam,1.5Fin,5,6,1928,1950,Gable,CompShg,MetalSd,MetalSd,None,0.0,TA,TA,BrkTil,TA,TA,No,Unf,0.0,Unf,0.0,1042.0,1042.0,GasA,Ex,Y,SBrkr,1042,534,0,1576,0.0,0.0,1,0,3,1,TA,8,Typ,1,Gd,Detchd,1928.0,Unf,1.0,225.0,TA,TA,Y,0,0,0,0,0,0,,,,0,8,2006,WD ,Family,149000
2275,921126010,20,RL,93.0,15306,Pave,,IR1,HLS,AllPub,Corner,Gtl,Timber,Norm,Norm,1Fam,1Story,8,5,2006,2007,Gable,CompShg,VinylSd,VinylSd,Stone,100.0,Gd,TA,PConc,Ex,TA,Gd,GLQ,80.0,Unf,0.0,1652.0,1732.0,GasA,Ex,Y,SBrkr,1776,0,0,1776,1.0,0.0,2,0,3,1,Gd,7,Typ,1,Gd,Attchd,2006.0,Fin,3.0,712.0,TA,TA,Y,0,0,0,0,0,0,,,,0,5,2007,New,Partial,283463
2780,907194130,60,RL,65.0,14006,Pave,,IR1,Lvl,AllPub,Inside,Gtl,CollgCr,Norm,Norm,1Fam,2Story,7,5,2002,2002,Gable,CompShg,VinylSd,VinylSd,BrkFace,144.0,Gd,TA,PConc,Gd,TA,,Unf,0.0,Unf,0.0,936.0,936.0,GasA,Ex,Y,SBrkr,936,840,0,1776,0.0,0.0,2,1,3,1,Gd,7,Typ,1,TA,Attchd,2002.0,RFn,2.0,474.0,TA,TA,Y,144,96,0,0,0,0,,,,0,2,2006,WD ,Normal,192500
1370,903481100,190,RM,60.0,10320,Pave,Grvl,Reg,Lvl,AllPub,Inside,Gtl,IDOTRR,Norm,Norm,2fmCon,2Story,3,3,1915,1950,Gable,CompShg,AsphShn,AsphShn,None,0.0,Fa,Fa,PConc,TA,Fa,No,Unf,0.0,Unf,0.0,536.0,536.0,GasA,Ex,N,FuseF,808,536,0,1344,0.0,0.0,2,0,3,2,TA,8,Typ,0,,,,,0.0,0.0,,,N,42,0,204,0,0,0,,,,0,5,2008,WD ,Normal,82375
27,527404120,20,RL,70.0,8400,Pave,,Reg,Lvl,AllPub,Corner,Gtl,NAmes,Norm,Norm,1Fam,1Story,4,5,1970,1970,Gable,CompShg,Plywood,Plywood,None,0.0,TA,TA,CBlock,TA,TA,No,ALQ,804.0,Rec,78.0,0.0,882.0,GasA,TA,Y,SBrkr,882,0,0,882,1.0,0.0,1,0,2,1,TA,4,Typ,0,,Attchd,1970.0,Fin,2.0,525.0,TA,TA,Y,240,0,0,0,0,0,,MnPrv,,0,4,2010,WD ,Normal,126000
2171,908127040,20,RL,73.0,10921,Pave,,Reg,HLS,AllPub,Inside,Gtl,Edwards,Norm,Norm,1Fam,1Story,4,5,1965,1965,Hip,CompShg,HdBoard,HdBoard,BrkFace,48.0,TA,TA,CBlock,TA,TA,No,Rec,520.0,Unf,0.0,440.0,960.0,GasA,TA,Y,FuseF,960,0,0,960,1.0,0.0,1,0,3,1,TA,6,Typ,0,,Attchd,1965.0,Fin,1.0,432.0,TA,TA,P,120,0,0,0,0,0,,,,0,5,2007,WD ,Normal,94750
2717,905107300,80,RL,,7176,Pave,,IR1,Lvl,AllPub,CulDSac,Gtl,Sawyer,Norm,Norm,1Fam,SLvl,6,6,1978,1978,Gable,CompShg,HdBoard,HdBoard,BrkFace,200.0,TA,TA,CBlock,TA,Gd,Gd,GLQ,794.0,Unf,0.0,166.0,960.0,GasA,Fa,Y,SBrkr,1040,0,0,1040,1.0,0.0,1,0,3,1,TA,6,Typ,1,Fa,Detchd,1979.0,Unf,2.0,616.0,TA,TA,Y,131,0,0,0,180,0,,GdPrv,,0,7,2006,WD ,Normal,160500
597,534250400,60,RL,80.0,9600,Pave,,Reg,Lvl,AllPub,Inside,Gtl,NWAmes,Norm,Norm,1Fam,2Story,7,5,1974,1974,Gable,CompShg,Plywood,Plywood,BrkFace,252.0,TA,TA,CBlock,TA,TA,No,ALQ,698.0,Unf,0.0,467.0,1165.0,GasA,Gd,Y,SBrkr,1165,896,0,2061,0.0,1.0,2,1,4,1,TA,8,Typ,1,TA,Attchd,1974.0,RFn,2.0,498.0,TA,TA,Y,0,77,0,0,196,0,,,,0,5,2009,COD,Abnorml,168500
2629,535456020,20,RL,70.0,7945,Pave,,Reg,Lvl,AllPub,Inside,Gtl,NAmes,Norm,Norm,1Fam,1Story,5,6,1959,1959,Gable,CompShg,BrkFace,Wd Sdng,None,0.0,TA,TA,CBlock,TA,TA,No,ALQ,179.0,BLQ,506.0,465.0,1150.0,GasA,Ex,Y,FuseA,1150,0,0,1150,1.0,0.0,1,0,3,1,TA,6,Typ,0,,Attchd,1959.0,RFn,1.0,300.0,TA,TA,Y,0,0,0,0,0,0,,,,0,5,2006,WD ,Normal,141000
1218,534428020,20,RL,,12493,Pave,,IR1,Lvl,AllPub,Inside,Gtl,NAmes,Norm,Norm,1Fam,1Story,4,5,1960,1960,Gable,CompShg,Wd Sdng,Wd Sdng,None,0.0,TA,TA,PConc,TA,TA,No,ALQ,419.0,Rec,306.0,375.0,1100.0,GasA,TA,Y,SBrkr,1100,0,0,1100,1.0,0.0,1,0,3,1,TA,6,Typ,1,Po,Attchd,1960.0,RFn,1.0,312.0,TA,TA,Y,355,0,0,0,0,0,,GdWo,,0,4,2008,WD ,Normal,141000
2216,909276210,50,RL,110.0,7810,Pave,,IR1,HLS,AllPub,Inside,Gtl,Crawfor,Norm,Norm,1Fam,1.5Fin,4,6,1930,2003,Gable,CompShg,AsbShng,CmentBd,None,0.0,TA,Gd,BrkTil,TA,Gd,No,GLQ,189.0,Unf,0.0,741.0,930.0,GasA,Ex,Y,SBrkr,1230,525,0,1755,0.0,0.0,2,0,4,1,Gd,7,Typ,1,TA,Detchd,1930.0,Unf,1.0,231.0,Fa,TA,Y,0,40,0,0,0,0,,,,0,11,2007,WD ,Normal,188000
2303,923276180,20,RL,65.0,11625,Pave,,IR1,Lvl,AllPub,Inside,Gtl,Mitchel,Norm,Norm,1Fam,1Story,5,7,1983,1983,Gable,CompShg,HdBoard,HdBoard,None,0.0,TA,TA,CBlock,Gd,TA,No,ALQ,596.0,Unf,0.0,220.0,816.0,GasA,TA,Y,SBrkr,816,0,0,816,1.0,0.0,1,0,2,1,TA,4,Typ,0,,Attchd,1983.0,Fin,1.0,264.0,TA,TA,Y,330,0,0,0,0,0,,MnPrv,,0,5,2007,WD ,Normal,139000
1071,528180140,120,RL,65.0,8769,Pave,,Reg,Lvl,AllPub,Corner,Gtl,NridgHt,Norm,Norm,TwnhsE,1Story,9,5,2008,2008,Hip,CompShg,MetalSd,MetalSd,BrkFace,766.0,Ex,TA,PConc,Ex,TA,No,GLQ,1540.0,Unf,0.0,162.0,1702.0,GasA,Ex,Y,SBrkr,1702,0,0,1702,1.0,0.0,1,1,1,1,Ex,7,Typ,1,Gd,Attchd,2008.0,Fin,3.0,1052.0,TA,TA,Y,0,72,0,0,224,0,,,,0,10,2008,New,Partial,367294
1926,535179120,20,RL,72.0,9770,Pave,,Reg,Lvl,AllPub,Inside,Gtl,NAmes,Norm,Norm,1Fam,1Story,5,5,1957,1957,Gable,CompShg,Wd Sdng,Wd Sdng,None,0.0,TA,TA,CBlock,TA,TA,No,Rec,512.0,Unf,0.0,410.0,922.0,GasA,TA,Y,FuseA,922,0,0,922,1.0,0.0,1,0,2,1,TA,5,Typ,0,,Attchd,1957.0,Unf,1.0,308.0,TA,TA,Y,0,34,0,0,0,0,,GdWo,,0,4,2007,WD ,Normal,116000
1597,923225310,180,RM,21.0,1974,Pave,,Reg,Lvl,AllPub,Inside,Gtl,MeadowV,Norm,Norm,Twnhs,SFoyer,4,7,1973,2006,Gable,CompShg,CemntBd,CmentBd,None,0.0,TA,Gd,CBlock,Gd,TA,Av,GLQ,501.0,Unf,0.0,25.0,526.0,GasA,Gd,Y,SBrkr,526,462,0,988,1.0,0.0,1,0,2,1,TA,5,Typ,0,,BuiltIn,1973.0,RFn,1.0,297.0,TA,TA,Y,120,101,0,0,0,0,,,,0,6,2008,WD ,Normal,105000
450,528168030,60,RL,96.0,13262,Pave,,IR1,Lvl,AllPub,Inside,Gtl,NridgHt,Norm,Norm,1Fam,2Story,8,5,2003,2004,Gable,CompShg,VinylSd,VinylSd,Stone,186.0,Gd,TA,PConc,Gd,TA,No,Unf,0.0,Unf,0.0,1082.0,1082.0,GasA,Ex,Y,SBrkr,1105,1295,0,2400,0.0,0.0,3,1,4,1,Gd,10,Typ,1,Gd,BuiltIn,2003.0,Fin,3.0,730.0,TA,TA,Y,114,40,0,0,0,0,,,,0,6,2009,WD ,Normal,290000
1604,923275090,20,RL,37.0,6951,Pave,,IR1,Lvl,AllPub,CulDSac,Gtl,Mitchel,Norm,Norm,1Fam,1Story,5,5,1984,1985,Gable,CompShg,HdBoard,Plywood,None,0.0,TA,TA,CBlock,TA,TA,No,ALQ,658.0,Unf,0.0,218.0,876.0,GasA,TA,Y,SBrkr,923,0,0,923,1.0,0.0,1,0,3,1,TA,5,Typ,0,,Attchd,1984.0,Unf,1.0,264.0,TA,TA,Y,362,0,0,0,0,0,,MnPrv,,0,10,2008,WD ,Normal,119500
816,906230010,90,RL,,11855,Pave,,Reg,Lvl,AllPub,Inside,Gtl,SawyerW,Norm,Norm,Duplex,2Story,7,5,2000,2000,Hip,CompShg,VinylSd,VinylSd,BrkFace,23.0,TA,TA,PConc,Ex,TA,No,GLQ,820.0,Unf,0.0,348.0,1168.0,GasA,Ex,Y,SBrkr,1168,1619,0,2787,2.0,0.0,4,2,6,2,TA,8,Typ,2,TA,BuiltIn,2000.0,Fin,4.0,820.0,TA,TA,Y,312,0,0,0,0,0,,,,0,10,2009,WD ,Normal,269500
2282,923204140,90,RL,100.0,25000,Pave,,Reg,Low,AllPub,Inside,Gtl,Mitchel,Norm,Norm,Duplex,1Story,5,4,1967,1967,Gable,CompShg,HdBoard,Plywood,None,0.0,TA,TA,CBlock,TA,TA,Av,Unf,0.0,Unf,0.0,1632.0,1632.0,GasA,TA,Y,SBrkr,1632,0,0,1632,0.0,0.0,2,0,4,2,TA,8,Typ,0,,Attchd,1967.0,Unf,2.0,576.0,TA,TA,P,0,0,0,0,0,0,,,,0,6,2007,WD ,Normal,143000
1046,527451550,160,RM,21.0,1680,Pave,,Reg,Lvl,AllPub,Inside,Gtl,BrDale,Norm,Norm,Twnhs,2Story,5,5,1972,1972,Gable,CompShg,HdBoard,HdBoard,BrkFace,356.0,TA,TA,CBlock,TA,TA,No,Rec,350.0,Unf,0.0,280.0,630.0,GasA,TA,Y,SBrkr,630,672,0,1302,0.0,0.0,2,1,3,1,TA,6,Typ,0,,Detchd,1972.0,Unf,1.0,264.0,TA,TA,Y,0,0,0,0,0,0,,,,0,12,2008,WD ,Normal,111750
2773,907135230,20,RL,43.0,13568,Pave,,IR2,Lvl,AllPub,CulDSac,Gtl,CollgCr,Norm,Norm,1Fam,1Story,5,5,1995,1995,Gable,CompShg,VinylSd,VinylSd,None,0.0,TA,TA,PConc,Gd,TA,No,ALQ,716.0,Unf,0.0,274.0,990.0,GasA,Ex,Y,SBrkr,990,0,0,990,0.0,1.0,1,0,3,1,TA,5,Typ,0,,Attchd,1996.0,Unf,2.0,576.0,TA,TA,Y,224,0,0,0,0,0,,,,0,7,2006,WD ,Normal,156000
2552,534430050,30,RL,60.0,8550,Pave,,Reg,Lvl,AllPub,Inside,Gtl,NAmes,Norm,Norm,1Fam,1Story,6,8,1934,1950,Gable,CompShg,MetalSd,MetalSd,None,0.0,TA,TA,CBlock,TA,TA,No,BLQ,574.0,Unf,0.0,242.0,816.0,GasA,Ex,Y,SBrkr,816,0,0,816,1.0,0.0,1,0,2,1,TA,4,Typ,1,Fa,Attchd,1949.0,Unf,1.0,240.0,TA,TA,Y,228,0,40,0,0,0,,MnPrv,,0,7,2006,WD ,Normal,129800
1663,527402090,80,RL,70.0,10500,Pave,,Reg,Lvl,AllPub,FR2,Gtl,NAmes,Norm,Norm,1Fam,SLvl,5,7,1971,2005,Gambrel,CompShg,MetalSd,AsphShn,BrkFace,82.0,TA,TA,CBlock,TA,TA,Av,ALQ,349.0,Unf,0.0,23.0,372.0,GasA,TA,Y,SBrkr,576,533,0,1109,0.0,1.0,1,0,3,1,TA,5,Typ,0,,BuiltIn,1971.0,Unf,1.0,288.0,TA,TA,Y,35,0,0,0,0,0,,GdWo,,0,12,2007,WD ,Normal,139000
37,528108120,60,RL,102.0,12858,Pave,,IR1,Lvl,AllPub,Inside,Gtl,NridgHt,Norm,Norm,1Fam,2Story,9,5,2009,2010,Gable,CompShg,VinylSd,VinylSd,Stone,162.0,Ex,TA,PConc,Ex,TA,No,Unf,0.0,Unf,0.0,1590.0,1590.0,GasA,Ex,Y,SBrkr,1627,707,0,2334,0.0,0.0,2,1,3,1,Ex,10,Typ,1,Gd,Attchd,2009.0,Fin,3.0,751.0,TA,TA,Y,144,133,0,0,0,0,,,,0,1,2010,New,Partial,376162
2376,527452310,85,RL,68.0,7838,Pave,,Reg,Lvl,AllPub,Inside,Gtl,NAmes,Norm,Norm,1Fam,SFoyer,5,5,1967,1967,Gable,CompShg,HdBoard,HdBoard,None,0.0,TA,TA,CBlock,TA,TA,Av,ALQ,769.0,Unf,0.0,95.0,864.0,GasA,TA,Y,SBrkr,900,0,0,900,1.0,0.0,1,0,3,1,TA,6,Typ,1,Po,Attchd,1967.0,RFn,1.0,288.0,TA,TA,Y,175,144,0,0,0,0,,MnWw,,0,12,2006,WD ,Normal,123000
2356,527376090,20,RL,78.0,10140,Pave,,Reg,Lvl,AllPub,Inside,Gtl,NWAmes,Norm,Norm,1Fam,1Story,5,6,1975,1975,Gable,CompShg,HdBoard,HdBoard,None,0.0,TA,TA,CBlock,Gd,TA,No,ALQ,788.0,Unf,0.0,268.0,1056.0,GasA,Ex,Y,SBrkr,1074,0,0,1074,1.0,0.0,1,1,3,1,TA,6,Typ,0,,Attchd,1975.0,RFn,2.0,495.0,TA,TA,Y,0,88,0,0,0,0,,MnPrv,,0,7,2006,WD ,Normal,153500
1692,528106050,60,RL,107.0,13641,Pave,,Reg,Lvl,AllPub,Inside,Gtl,NridgHt,Norm,Norm,1Fam,2Story,9,5,2007,2007,Hip,CompShg,CemntBd,CmentBd,BrkFace,456.0,Ex,TA,PConc,Ex,TA,Gd,GLQ,1304.0,Unf,0.0,630.0,1934.0,GasA,Ex,Y,SBrkr,1943,713,0,2656,1.0,0.0,2,1,3,1,Ex,8,Typ,1,Gd,Attchd,2007.0,RFn,3.0,1040.0,TA,TA,Y,268,58,0,0,0,0,,,,0,12,2007,New,Partial,492000
2834,908225180,50,RL,56.0,6956,Pave,,Reg,Lvl,AllPub,Inside,Gtl,Edwards,Norm,Norm,1Fam,1.5Fin,4,7,1948,1950,Gable,CompShg,VinylSd,VinylSd,None,0.0,TA,Gd,CBlock,Fa,TA,Mn,Unf,0.0,Unf,0.0,624.0,624.0,GasA,Ex,Y,SBrkr,624,312,0,936,0.0,0.0,1,0,3,1,TA,5,Typ,0,,Attchd,1948.0,Unf,1.0,265.0,TA,Po,Y,0,0,0,0,0,0,,,,0,4,2006,WD ,Normal,97900
278,908102300,50,RL,89.0,11792,Pave,,Reg,Lvl,AllPub,Inside,Gtl,Edwards,Norm,Norm,1Fam,1.5Fin,4,5,1948,1950,Gable,CompShg,VinylSd,VinylSd,None,0.0,TA,TA,CBlock,TA,TA,No,Unf,0.0,Unf,0.0,744.0,744.0,GasA,Ex,N,FuseF,792,328,0,1120,0.0,0.0,1,0,2,1,Fa,5,Typ,0,,Detchd,1956.0,Unf,2.0,480.0,TA,Fa,P,0,0,0,0,160,0,,,,0,6,2010,WD ,Abnorml,64000
174,902110090,20,RM,69.0,5805,Pave,Grvl,Reg,Bnk,AllPub,Inside,Mod,OldTown,Norm,Norm,1Fam,1Story,5,7,1957,1957,Hip,CompShg,MetalSd,MetalSd,None,0.0,TA,TA,CBlock,TA,TA,Mn,BLQ,274.0,Rec,1073.0,0.0,1347.0,GasA,Gd,Y,SBrkr,1347,0,0,1347,1.0,1.0,1,0,3,1,Gd,6,Typ,0,,Detchd,1957.0,Unf,2.0,551.0,TA,TA,Y,0,0,0,0,0,0,,,,0,6,2010,WD ,Normal,143000
2689,903430090,50,RM,59.0,5310,Pave,,Reg,Lvl,AllPub,Corner,Gtl,OldTown,Feedr,Norm,1Fam,1.5Fin,6,8,1910,2003,Hip,CompShg,VinylSd,VinylSd,None,0.0,TA,Gd,CBlock,TA,Fa,No,Unf,0.0,Unf,0.0,485.0,485.0,GasA,Gd,Y,SBrkr,1001,634,0,1635,0.0,0.0,1,0,2,1,Gd,5,Typ,0,,Attchd,1950.0,Unf,1.0,255.0,Fa,TA,Y,394,0,0,0,0,0,,,,0,6,2006,WD ,Normal,117000
2720,905200280,50,RL,,13650,Pave,,Reg,Lvl,AllPub,Inside,Gtl,Sawyer,Norm,Norm,1Fam,1.5Fin,5,5,1958,1958,Gable,CompShg,MetalSd,MetalSd,None,0.0,Gd,Gd,CBlock,TA,TA,No,ALQ,57.0,BLQ,441.0,554.0,1052.0,GasA,Ex,Y,SBrkr,1252,668,0,1920,1.0,0.0,2,0,4,1,Gd,8,Typ,1,Gd,Attchd,1958.0,Unf,2.0,451.0,TA,TA,Y,0,0,0,0,0,0,,,,0,7,2006,WD ,Normal,172500
1914,535106140,20,RL,70.0,10150,Pave,,Reg,Lvl,AllPub,Inside,Gtl,NAmes,Feedr,Norm,1Fam,1Story,5,5,1958,1958,Gable,CompShg,Wd Sdng,Wd Sdng,None,1.0,TA,TA,CBlock,TA,TA,No,Rec,456.0,Unf,0.0,456.0,912.0,GasA,Ex,Y,FuseA,912,0,0,912,0.0,0.0,1,0,2,1,TA,5,Typ,0,,Attchd,1958.0,RFn,1.0,275.0,TA,TA,Y,0,0,0,0,0,0,,,,0,7,2007,COD,Normal,114500
571,533213040,160,FV,34.0,3230,Pave,Pave,Reg,Lvl,AllPub,Inside,Gtl,Somerst,Norm,Norm,TwnhsE,2Story,6,5,1999,1999,Gable,CompShg,MetalSd,MetalSd,BrkFace,894.0,TA,TA,PConc,Gd,TA,No,GLQ,381.0,Unf,0.0,348.0,729.0,GasA,Gd,Y,SBrkr,742,729,0,1471,0.0,0.0,2,1,3,1,TA,6,Typ,0,,Detchd,1999.0,Unf,2.0,440.0,TA,TA,Y,0,24,0,0,0,0,,,,0,3,2009,WD ,Normal,172500
1854,533250190,120,RL,50.0,9466,Pave,,IR2,Lvl,AllPub,FR2,Gtl,Veenker,Norm,Norm,TwnhsE,1Story,8,5,1994,1995,Gable,CompShg,BrkFace,BrkFace,None,0.0,Gd,TA,PConc,Gd,TA,Gd,LwQ,457.0,ALQ,1037.0,0.0,1494.0,GasA,Ex,Y,SBrkr,1494,0,0,1494,1.0,0.0,1,1,1,1,Gd,5,Typ,1,Gd,Attchd,1994.0,Fin,2.0,478.0,TA,TA,Y,0,30,0,0,217,0,,,,0,5,2007,WD ,Normal,279700
1883,534275220,20,RL,80.0,8892,Pave,,IR1,Lvl,AllPub,Inside,Gtl,NAmes,Norm,Norm,1Fam,1Story,5,5,1960,1960,Gable,CompShg,MetalSd,MetalSd,BrkCmn,66.0,TA,TA,CBlock,TA,TA,No,Unf,0.0,Unf,0.0,1065.0,1065.0,GasA,Gd,Y,SBrkr,1065,0,0,1065,0.0,0.0,1,1,3,1,TA,6,Typ,0,,Detchd,1974.0,Unf,2.0,461.0,TA,TA,Y,74,0,0,0,0,0,,,,0,7,2007,COD,Normal,126500
2625,535454030,90,RL,60.0,8544,Pave,,Reg,Lvl,AllPub,Corner,Gtl,NAmes,Norm,Norm,Duplex,1Story,3,4,1950,1950,Gable,CompShg,BrkFace,Stone,None,0.0,TA,TA,Slab,,,,,0.0,,0.0,0.0,0.0,Wall,Fa,N,FuseF,1040,0,0,1040,0.0,0.0,2,0,2,2,TA,6,Typ,0,,Detchd,1950.0,Unf,2.0,400.0,TA,Fa,Y,0,0,0,0,0,0,,,,0,12,2006,WD ,Normal,81400
788,905402070,20,RL,,15635,Pave,,IR1,Lvl,AllPub,CulDSac,Gtl,Edwards,Norm,Norm,1Fam,1Story,4,5,1954,1954,Gable,CompShg,VinylSd,VinylSd,None,0.0,TA,TA,CBlock,,,,,0.0,,0.0,0.0,0.0,GasA,TA,Y,SBrkr,1383,0,0,1383,0.0,0.0,1,0,2,1,TA,6,Mod,0,,Attchd,1980.0,Unf,2.0,498.0,Fa,TA,Y,0,0,90,0,110,0,,,,0,10,2009,WD ,Normal,122000
325,923204150,90,RL,94.0,9400,Pave,,Reg,Low,AllPub,Corner,Gtl,Mitchel,Norm,Norm,Duplex,2Story,6,5,1971,1971,Mansard,CompShg,MetalSd,Wd Shng,None,0.0,TA,TA,CBlock,TA,TA,Av,Unf,0.0,Unf,0.0,912.0,912.0,GasA,TA,Y,SBrkr,912,912,0,1824,0.0,0.0,2,2,4,2,TA,8,Typ,0,,,,,0.0,0.0,,,Y,128,0,0,0,0,0,,,,0,4,2010,WD ,Normal,139000
1163,533212050,160,FV,30.0,3180,Pave,Pave,Reg,Lvl,AllPub,Inside,Gtl,Somerst,Norm,Norm,TwnhsE,2Story,6,5,2005,2005,Gable,CompShg,MetalSd,MetalSd,None,0.0,Gd,TA,PConc,Gd,TA,No,GLQ,390.0,Unf,0.0,210.0,600.0,GasA,Ex,Y,SBrkr,600,600,0,1200,1.0,0.0,2,1,2,1,Gd,5,Typ,0,,Detchd,2005.0,RFn,2.0,480.0,TA,TA,Y,0,166,0,0,0,0,,,,0,5,2008,WD ,Normal,165000
237,905426200,20,RL,65.0,11479,Pave,,Reg,Lvl,AllPub,Inside,Gtl,Edwards,Norm,Norm,1Fam,1Story,6,7,1950,1987,Gable,CompShg,Wd Sdng,Plywood,None,0.0,TA,TA,CBlock,TA,TA,No,GLQ,104.0,Rec,387.0,172.0,663.0,GasA,Ex,Y,SBrkr,1074,0,0,1074,1.0,0.0,1,0,3,1,Gd,6,Typ,1,TA,Attchd,1987.0,Unf,1.0,467.0,TA,TA,Y,0,52,52,0,0,0,,MnPrv,,0,6,2010,WD ,Normal,144500
1578,916386080,80,RL,73.0,9735,Pave,,Reg,Lvl,AllPub,Inside,Gtl,Timber,Norm,Norm,1Fam,SLvl,5,5,2006,2007,Gable,CompShg,VinylSd,VinylSd,None,0.0,TA,TA,PConc,Gd,TA,No,Unf,0.0,Unf,0.0,384.0,384.0,GasA,Gd,Y,,754,640,0,1394,0.0,0.0,2,1,3,1,Gd,7,Typ,0,,BuiltIn,2007.0,Fin,2.0,400.0,TA,TA,Y,100,0,0,0,0,0,,,,0,5,2008,WD ,Normal,167500
1512,908276140,80,RL,62.0,7692,Pave,,Reg,Bnk,AllPub,Inside,Mod,Edwards,Norm,Norm,1Fam,SLvl,4,6,1954,1954,Gable,CompShg,Wd Sdng,Wd Sdng,None,0.0,TA,TA,CBlock,Ex,TA,Av,Unf,0.0,Unf,0.0,416.0,416.0,GasA,Gd,Y,FuseA,1204,0,0,1204,0.0,0.0,1,0,3,1,TA,6,Typ,0,,Basment,1954.0,Unf,1.0,312.0,TA,TA,Y,0,0,0,0,0,0,,,,0,11,2008,WD ,Abnorml,100000
201,903234050,30,RM,51.0,6120,Pave,,Reg,Lvl,AllPub,Inside,Gtl,OldTown,Artery,Norm,1Fam,1Story,6,5,1923,1950,Gable,CompShg,Wd Sdng,Wd Sdng,None,0.0,TA,TA,BrkTil,Fa,Fa,No,ALQ,960.0,Unf,0.0,164.0,1124.0,GasA,TA,Y,SBrkr,1068,0,0,1068,1.0,0.0,1,0,2,1,TA,5,Typ,1,Gd,Detchd,1923.0,Unf,1.0,288.0,TA,TA,Y,0,0,128,0,0,0,,,,0,3,2010,WD ,Normal,109500
2032,903451110,45,RM,57.0,7449,Pave,Grvl,Reg,Bnk,AllPub,Inside,Gtl,IDOTRR,Norm,Norm,1Fam,1.5Unf,7,7,1930,1950,Gable,CompShg,Wd Sdng,Wd Sdng,None,0.0,TA,TA,PConc,TA,TA,No,Unf,0.0,Unf,0.0,637.0,637.0,GasA,Ex,Y,FuseF,1108,0,0,1108,0.0,0.0,1,0,3,1,Gd,6,Typ,1,Gd,Attchd,1930.0,Unf,1.0,280.0,TA,TA,N,0,0,205,0,0,0,,GdPrv,,0,6,2007,WD ,Normal,139400
2496,532378130,20,RL,,8020,Pave,,IR1,Lvl,AllPub,Inside,Gtl,Sawyer,Norm,Norm,1Fam,1Story,5,6,1964,1964,Gable,CompShg,HdBoard,HdBoard,None,0.0,TA,TA,CBlock,TA,TA,No,ALQ,644.0,Unf,0.0,268.0,912.0,GasA,TA,N,SBrkr,912,0,0,912,0.0,0.0,1,0,3,1,TA,6,Typ,0,,,,,0.0,0.0,,,Y,0,0,0,0,0,0,,GdWo,,0,4,2006,WD ,Normal,124000
2507,533212100,160,FV,30.0,3180,Pave,Pave,Reg,Lvl,AllPub,Inside,Gtl,Somerst,Norm,Norm,TwnhsE,2Story,7,5,2005,2005,Gable,CompShg,MetalSd,MetalSd,None,0.0,TA,TA,PConc,Gd,TA,No,Unf,0.0,Unf,0.0,600.0,600.0,GasA,Ex,Y,SBrkr,520,600,80,1200,0.0,0.0,2,1,2,1,Gd,4,Typ,0,,Detchd,2005.0,RFn,2.0,480.0,TA,TA,Y,0,166,0,0,0,0,,,,0,6,2006,WD ,Normal,151000
2627,535454060,90,RL,60.0,8544,Pave,,Reg,Lvl,AllPub,Inside,Gtl,NAmes,Norm,Norm,Duplex,1Story,3,4,1950,1950,Gable,CompShg,Stucco,Stone,None,0.0,TA,TA,CBlock,,,,,0.0,,0.0,0.0,0.0,GasA,Gd,N,FuseF,1040,0,0,1040,0.0,0.0,2,0,2,2,TA,6,Typ,0,,Detchd,1949.0,Unf,2.0,400.0,TA,TA,Y,0,0,0,0,0,0,,,,0,7,2006,WD ,Normal,93500
1656,527356050,60,RL,80.0,10793,Pave,,Reg,Lvl,AllPub,Inside,Gtl,NWAmes,RRAn,Norm,1Fam,2Story,5,5,1969,1969,Mansard,CompShg,WdShing,HdBoard,BrkFace,263.0,TA,TA,CBlock,TA,TA,No,Rec,493.0,BLQ,287.0,0.0,780.0,GasA,Ex,Y,SBrkr,780,840,0,1620,0.0,0.0,2,1,4,1,TA,7,Min1,0,,Attchd,1969.0,Fin,2.0,462.0,TA,TA,Y,208,0,0,0,0,0,,GdWo,,0,4,2007,WD ,Normal,152000
200,903233120,50,RM,52.0,6240,Pave,,Reg,Lvl,AllPub,Inside,Gtl,BrkSide,Norm,Norm,1Fam,1.5Fin,5,5,1930,1950,Gable,CompShg,MetalSd,MetalSd,None,0.0,TA,TA,BrkTil,TA,TA,No,LwQ,448.0,Unf,0.0,480.0,928.0,GasA,TA,Y,FuseF,928,608,0,1536,0.0,0.0,2,0,4,1,TA,7,Typ,1,Gd,Detchd,1930.0,Unf,2.0,480.0,TA,TA,Y,0,10,0,0,0,0,,MnPrv,,0,3,2010,WD ,Normal,138400
1667,527404050,20,RL,66.0,7920,Pave,,Reg,Lvl,AllPub,Inside,Gtl,NAmes,Norm,Norm,1Fam,1Story,5,5,1970,2002,Gable,CompShg,HdBoard,HdBoard,BrkFace,32.0,TA,TA,CBlock,TA,TA,No,ALQ,81.0,GLQ,619.0,214.0,914.0,GasA,Ex,Y,SBrkr,914,0,0,914,0.0,0.0,1,0,3,1,Ex,5,Typ,0,,Attchd,1970.0,RFn,1.0,368.0,TA,Gd,Y,120,0,0,0,0,0,,,,0,10,2007,WD ,Normal,133000
1474,907405140,60,RL,65.0,8450,Pave,,Reg,Lvl,AllPub,Inside,Gtl,CollgCr,Norm,Norm,1Fam,2Story,7,5,2003,2003,Gable,CompShg,VinylSd,VinylSd,BrkFace,196.0,Gd,TA,PConc,Gd,TA,No,GLQ,706.0,Unf,0.0,150.0,856.0,GasA,Ex,Y,SBrkr,856,854,0,1710,1.0,0.0,2,1,3,1,Gd,8,Typ,0,,Attchd,2003.0,RFn,2.0,548.0,TA,TA,Y,0,61,0,0,0,0,,,,0,2,2008,WD ,Normal,208500
867,907253130,60,RL,,11050,Pave,,Reg,Lvl,AllPub,Inside,Gtl,CollgCr,PosN,Norm,1Fam,2Story,9,5,2000,2000,Hip,CompShg,VinylSd,VinylSd,BrkFace,204.0,Gd,TA,PConc,Ex,TA,Mn,GLQ,904.0,Unf,0.0,536.0,1440.0,GasA,Ex,Y,SBrkr,1476,677,0,2153,1.0,0.0,2,1,3,1,Ex,8,Typ,2,Ex,Attchd,2000.0,Fin,3.0,736.0,TA,TA,Y,253,142,0,0,0,0,,,,0,5,2009,WD ,Normal,313000
1477,907412080,60,RL,64.0,8320,Pave,,Reg,Lvl,AllPub,Inside,Gtl,CollgCr,Norm,Norm,1Fam,2Story,7,5,2004,2004,Gable,CompShg,VinylSd,VinylSd,None,0.0,Gd,TA,PConc,Gd,TA,No,GLQ,490.0,Unf,0.0,280.0,770.0,GasA,Ex,Y,SBrkr,770,812,0,1582,0.0,0.0,2,1,3,1,Gd,6,Typ,0,,Attchd,2004.0,RFn,2.0,520.0,TA,TA,Y,0,45,0,0,0,0,,,,0,9,2008,WD ,Normal,185900
859,907227030,20,RL,36.0,15523,Pave,,IR1,Lvl,AllPub,CulDSac,Gtl,CollgCr,Norm,Norm,1Fam,1Story,5,6,1972,1972,Gable,CompShg,HdBoard,Plywood,None,0.0,TA,TA,CBlock,TA,TA,Av,BLQ,460.0,Unf,0.0,404.0,864.0,GasA,Ex,Y,SBrkr,864,0,0,864,1.0,0.0,1,0,3,1,TA,5,Typ,1,Fa,Attchd,1972.0,Unf,1.0,338.0,TA,TA,Y,0,0,0,0,0,0,,,,0,8,2009,WD ,Normal,133500
1348,903234100,50,RM,51.0,6120,Pave,,Reg,Lvl,AllPub,Inside,Gtl,OldTown,Artery,Norm,1Fam,1.5Fin,7,5,1931,1950,Gable,CompShg,BrkFace,Wd Shng,None,0.0,TA,TA,BrkTil,TA,TA,No,Unf,0.0,Unf,0.0,952.0,952.0,GasA,Gd,Y,FuseF,1022,752,0,1774,0.0,0.0,2,0,2,2,TA,8,Min1,2,TA,Detchd,1931.0,Unf,2.0,468.0,Fa,TA,Y,90,0,205,0,0,0,,,,0,4,2008,WD ,Abnorml,129900
2590,535325450,20,RL,85.0,15428,Pave,,Reg,Lvl,AllPub,Inside,Gtl,NAmes,Norm,Norm,1Fam,1Story,5,6,1951,1991,Hip,CompShg,MetalSd,MetalSd,None,0.0,TA,TA,CBlock,TA,TA,No,Rec,741.0,Unf,0.0,143.0,884.0,GasA,Ex,Y,SBrkr,884,0,0,884,1.0,0.0,1,0,2,1,TA,4,Typ,0,,Attchd,1951.0,Fin,1.0,270.0,TA,TA,Y,0,0,0,0,195,0,,,,0,6,2006,WD ,Normal,142000
787,905402060,20,RL,,13680,Pave,,IR1,Lvl,AllPub,CulDSac,Gtl,Edwards,Norm,Norm,1Fam,1Story,3,5,1955,1955,Hip,CompShg,BrkFace,Wd Sdng,None,0.0,TA,TA,Slab,,,,,0.0,,0.0,0.0,0.0,GasA,Ex,Y,FuseA,1733,0,0,1733,0.0,0.0,2,0,4,1,TA,8,Min2,1,Gd,Attchd,1955.0,Unf,2.0,452.0,TA,TA,Y,0,0,0,0,0,0,,,,0,6,2009,WD ,Normal,139600
1920,535152060,20,RL,70.0,8176,Pave,,Reg,Lvl,AllPub,Inside,Gtl,NAmes,Norm,Norm,1Fam,1Story,5,6,1958,1992,Gable,CompShg,Wd Sdng,Wd Sdng,None,0.0,TA,TA,CBlock,TA,TA,No,Rec,846.0,Unf,0.0,210.0,1056.0,GasA,Fa,Y,SBrkr,1056,0,0,1056,1.0,0.0,1,0,3,1,TA,6,Typ,0,,Attchd,1958.0,RFn,1.0,308.0,TA,TA,Y,0,0,0,0,0,0,,,,0,8,2007,WD ,Normal,139000
1970,535476360,60,RL,80.0,9760,Pave,,Reg,Lvl,AllPub,Inside,Mod,NAmes,Norm,Norm,1Fam,2Story,6,8,1964,1993,Hip,CompShg,Wd Sdng,Wd Sdng,BrkFace,340.0,TA,TA,CBlock,TA,TA,Gd,BLQ,536.0,Rec,117.0,169.0,822.0,GasA,Gd,Y,SBrkr,1020,831,0,1851,0.0,0.0,2,1,3,1,Gd,7,Typ,1,Fa,Attchd,1964.0,RFn,2.0,440.0,TA,TA,Y,239,42,0,0,0,0,,MnWw,,0,7,2007,WD ,Normal,187000
1156,532477030,20,RL,95.0,19508,Pave,,Reg,Lvl,AllPub,Inside,Gtl,Veenker,Norm,Norm,1Fam,1Story,6,5,1974,1974,Gable,CompShg,HdBoard,ImStucc,BrkFace,144.0,TA,TA,CBlock,TA,TA,Av,ALQ,800.0,Unf,0.0,630.0,1430.0,GasA,TA,Y,SBrkr,1430,0,0,1430,0.0,1.0,2,0,3,1,TA,6,Typ,2,TA,Attchd,1974.0,Unf,2.0,484.0,TA,TA,Y,117,108,165,0,0,0,,,,0,7,2008,WD ,Normal,192000
1945,535354260,50,RL,,12099,Pave,,IR1,Lvl,AllPub,Inside,Gtl,NAmes,Norm,Norm,1Fam,1.5Fin,5,6,1953,2004,Gable,CompShg,MetalSd,MetalSd,None,0.0,TA,TA,CBlock,TA,Fa,No,LwQ,198.0,Unf,0.0,1018.0,1216.0,GasA,Ex,Y,SBrkr,1216,0,512,1728,1.0,0.0,1,0,3,1,TA,7,Typ,1,Gd,Attchd,1953.0,Unf,1.0,371.0,TA,TA,Y,200,0,0,0,0,0,,GdWo,,0,6,2007,WD ,Normal,156000
760,903481130,85,RM,86.0,5160,Pave,Grvl,Reg,Lvl,AllPub,Inside,Gtl,IDOTRR,Norm,Norm,1Fam,SFoyer,4,6,1923,1950,Hip,CompShg,MetalSd,MetalSd,None,0.0,TA,Gd,PConc,Gd,Fa,Av,BLQ,749.0,Rec,63.0,46.0,858.0,GasA,TA,Y,SBrkr,892,0,0,892,1.0,0.0,1,0,1,1,Gd,5,Min2,0,,,,,0.0,0.0,,,N,0,0,105,0,160,0,,,,0,7,2009,COD,Abnorml,70000
1219,534428100,20,RL,,11332,Pave,,IR1,Lvl,AllPub,Corner,Gtl,NAmes,Norm,Norm,1Fam,1Story,5,7,1960,2000,Gable,CompShg,Wd Sdng,Wd Sdng,None,0.0,TA,TA,CBlock,TA,TA,No,BLQ,528.0,Unf,0.0,590.0,1118.0,GasA,Ex,Y,SBrkr,1118,0,0,1118,1.0,0.0,1,0,3,1,Gd,6,Typ,0,,Attchd,1960.0,RFn,1.0,264.0,TA,TA,Y,290,0,0,0,0,0,,MnPrv,,0,8,2008,WD ,Normal,153000
1014,527226020,20,RL,,31220,Pave,,IR1,Bnk,NoSewr,FR2,Gtl,Gilbert,Feedr,Norm,1Fam,1Story,6,2,1952,1952,Hip,CompShg,BrkFace,BrkFace,None,0.0,TA,TA,CBlock,TA,TA,No,Unf,0.0,Unf,0.0,1632.0,1632.0,GasA,TA,Y,FuseA,1474,0,0,1474,0.0,0.0,1,0,3,1,TA,7,Min2,2,Gd,Attchd,1952.0,Unf,2.0,495.0,TA,TA,Y,0,0,144,0,0,0,,,Shed,750,5,2008,WD ,Normal,115000
776,905108220,85,RL,74.0,8740,Pave,,IR1,Lvl,AllPub,Inside,Gtl,Sawyer,Norm,Norm,1Fam,SFoyer,5,6,1982,1982,Hip,CompShg,HdBoard,HdBoard,None,0.0,TA,TA,CBlock,TA,TA,Av,ALQ,672.0,Unf,0.0,168.0,840.0,GasA,TA,Y,SBrkr,860,0,0,860,1.0,0.0,1,0,2,1,TA,4,Typ,0,,Detchd,1996.0,Unf,2.0,528.0,TA,TA,Y,0,0,0,0,0,0,,,,0,7,2009,WD ,Normal,137000
2322,527108090,60,RL,168.0,23257,Pave,,IR3,HLS,AllPub,CulDSac,Gtl,Gilbert,Norm,Norm,1Fam,2Story,7,5,2006,2006,Gable,CompShg,VinylSd,VinylSd,None,0.0,Gd,TA,PConc,Ex,Gd,No,Unf,0.0,Unf,0.0,868.0,868.0,GasA,Ex,Y,SBrkr,887,1134,0,2021,0.0,0.0,2,1,3,1,Gd,9,Typ,1,Gd,BuiltIn,2006.0,RFn,2.0,422.0,TA,TA,Y,0,100,0,0,0,0,,,,0,9,2006,New,Partial,274725
19,527276150,20,RL,140.0,19138,Pave,,Reg,Lvl,AllPub,Corner,Gtl,Gilbert,Norm,Norm,1Fam,1Story,4,5,1951,1951,Gable,CompShg,VinylSd,VinylSd,None,0.0,TA,TA,CBlock,TA,TA,No,LwQ,120.0,Unf,0.0,744.0,864.0,GasA,Ex,Y,SBrkr,864,0,0,864,0.0,0.0,1,0,2,1,TA,4,Typ,0,,Detchd,1951.0,Unf,2.0,400.0,TA,TA,Y,0,0,0,0,0,0,,,,0,6,2010,WD ,Normal,141000
2471,531363080,20,RL,74.0,7733,Pave,,IR1,Lvl,AllPub,Inside,Gtl,SawyerW,Norm,Norm,1Fam,1Story,6,5,2005,2005,Gable,CompShg,VinylSd,VinylSd,None,0.0,TA,TA,PConc,TA,TA,Mn,GLQ,24.0,Unf,0.0,1118.0,1142.0,GasA,Ex,Y,SBrkr,1142,0,0,1142,0.0,0.0,1,1,3,1,Gd,5,Typ,0,,,,,0.0,0.0,,,Y,4,50,0,0,0,0,,,,0,1,2006,WD ,Normal,139500
1051,528102030,20,RL,96.0,12444,Pave,,Reg,Lvl,AllPub,FR2,Gtl,NridgHt,Norm,Norm,1Fam,1Story,8,5,2008,2008,Hip,CompShg,VinylSd,VinylSd,Stone,426.0,Ex,TA,PConc,Ex,TA,Av,GLQ,1336.0,Unf,0.0,596.0,1932.0,GasA,Ex,Y,SBrkr,1932,0,0,1932,1.0,0.0,2,0,2,1,Ex,7,Typ,1,Gd,Attchd,2008.0,Fin,3.0,774.0,TA,TA,Y,0,66,0,304,0,0,,,,0,11,2008,New,Partial,394617
490,528290190,80,RL,62.0,7750,Pave,,Reg,Lvl,AllPub,Inside,Gtl,Gilbert,Norm,Norm,1Fam,SLvl,7,5,1999,2000,Gable,CompShg,VinylSd,VinylSd,None,0.0,TA,TA,PConc,Gd,TA,No,Unf,0.0,Unf,0.0,384.0,384.0,GasA,Ex,Y,SBrkr,774,656,0,1430,0.0,0.0,2,1,3,1,TA,7,Typ,1,TA,BuiltIn,1999.0,RFn,2.0,400.0,TA,TA,Y,0,0,0,0,0,0,,,,0,3,2009,WD ,Normal,156000
